subject.number,ToM/ControlCondition,AI/DICondition,success,location,actor.age.years,actor.age.months,actor.age.group,actor.age.continuous,actor.age.continuous.months,actor.gender,recipient.age.years,recipient.age.months,recipient.age.group,recipient.age.continuous,recipient.age.continuous.months,recipient.gender,experimenter,assent.actor,assent.recipient,likes.skittles.actor,likes.skittles.recipient,handle.demonstrated.first,went.over.three.rules,practice.1v1,practice.order.enter.0.if.0foractor.vs.1recipfirst.enter1.if.1foractor.vs.0recipfirst,practice.0.for.actor.1.for.recip,practice.1.for.actor.0.for.recip,was.there.extra.practice,which.handle.was.practiced.in.extra.trial,actor.check.1,recipient.check.1,actor.check.2,recipient.check.2,comp.check.placement (0=4th practice trial; 1=1st practice trial),block1.t1.dist,block1.t1.dec,block1.t2.dist,block1.t2.dec,block1.t3.dist,block1.t3.dec,block1.t4.dist,block1.t4.dec,block1.t5.dist,block1.t5.dec,block1.t6.dist,block1.t6.dec,block2.t1.dist,block2.t1.dec,block2.t2.dist,block2.t2.dec,block2.t3.dist,block2.t3.dec,block2.t4.dist,block2.t4.dec,block2.t5.dist,block2.t5.dec,block2.t6.dist,block2.t6.dec,block2.extra.trials,Why red when unequal,Why green when unequal,RMET.score,A or B?,Q1,Q2,Q3,Q4,Q5,Q6,Q7,Q8,Q9,Q10,Q11,Q12,Q13,Q14,Q15,Q16,Q17,Q18,Q19,Q20,Q21,Q22,Q23,Q.aggregate
1,C,DI,S,BC,9,4,8&9,9.333333333,112,male,9,0,8&9,9,108,male,LT,yes,yes,yes,yes,green,yes,1,0,0,1,no,.,spontaneously correct,spontaneously correct,.,.,0,e,1,e,1,e,0,di,0,di,0,e,1,e,1,di,0,di,1,di,0,di,0,e,1,.,b/c he'll get much more than me,Because you got a good color and you like the taste of it,,,,,,,,,,,,,,,,,,,,,,,,,,
2,C,DI,S,BC,6,8,6&7,6.666666667,80,male,7,0,6&7,7,84,male,LT,yes,yes,yes,yes,green,yes,1,0,0,1,no,.,spontaneously correct,spontaneously correct,.,.,0,e,1,e,1,e,0,di,0,di,0,e,1,e,1,di,0,di,0,di,0,di,0,e,1,.,because he has more than me and I donêt think that's fair,.,,,,,,,,,,,,,,,,,,,,,,,,,,
3,ToM,AI,S,BC,6,10,6&7,6.833333333,82,male,7,5,6&7,7.416666667,89,male,LT,yes,yes,yes,yes,green,yes,1,1,1,0,no,.,spontaneously correct,spontaneously correct,spontaneously correct,spontaneously correct,0,ai,1,ai,0,e,1,e,1,e,0,ai,1,e,1,e,1,ai,1,e,0,ai,1,ai,1,.,"b/c when I do that, that means I don't really want those skittles and I don't really want to take those skittles",b/c I tried being nice to him,13,1,-2,1,-1,2,2,2,2,-1,3,3,2,2,1,2,-1,2,3,3,-2,1,1,2,2,23
4,ToM,AI,S,BC,9,0,8&9,9,108,male,9,10,8&9,9.833333333,118,male,LT,yes,yes,yes,yes,green,yes,1,1,0,0,no,.,spontaneously correct,spontaneously correct,spontaneously correct,spontaneously correct,0,ai,1,ai,1,e,0,e,1,e,1,ai,1,e,1,e,0,ai,1,e,0,ai,1,ai,1,.,.,b/c I can have more candy,17,0,3,-3,-1,-1,-3,-1,1,-3,4,3,4,3,-4,-2,-1,1,-1,3,3,-2,4,-2,-1,14
5,ToM,DI,S,BC,9,9,8&9,9.75,117,male,8,1,8&9,8.083333333,97,female,LT,yes,yes,yes,yes,red,yes,1,0,1,1,yes,red,spontaneously correct,spontaneously correct,spontaneously correct,spontaneously correct,0,di,1,di,0,e,1,di,1,e,1,e,1,di,0,e,1,e,1,e,1,di,0,di,0,.,b/c it's not very fair b/c someone gets 4 it's more fair when everyone gets 1,b/c maybe I'll let her have some a couple of times and I'll have some a couple of times.,24,1,3,-4,4,4,-3,4,4,-4,3,3,3,4,3,2,-4,4,-2,4,-3,0,2,3,4,74
6,ToM,DI,S,BC,7,1,6&7,7.083333333,85,male,7,1,6&7,7.083333333,85,female,LT,yes,yes,yes,yes,red,yes,1,0,0,1,no,.,spontaneously correct,spontaneously correct,spontaneously correct,spontaneously correct,0,di,0,di,1,e,1,di,0,e,1,e,1,di,0,e,1,e,1,e,0,di,0,di,0,.,b/c it wasn't that fair,b/c I want her to be my friend more often,19,0,1,1,-4,4,1,3,-2,1,4,3,1,4,-3,2,2,3,2,-3,3,2,2,1,-4,48
7,ToM,AI,S,BC,8,8,8&9,8.666666667,104,female,7,10,6&7,7.833333333,94,female,LT,yes,yes,yes,yes,green,yes,1,0,0,1,no,.,spontaneously correct,spontaneously correct,spontaneously correct,spontaneously correct,0,e,1,e,0,ai,1,e,0,e,1,ai,0,ai,1,e,0,ai,1,ai,0,e,1,ai,1,.,I felt like it,b/c sometimes I like switching the handles I use. it depends on when I feel like doing it,21,1,0,-4,1,2,-2,3,1,-4,3,3,3,3,2,1,-3,3,-2,3,-2,2,2,3,3,51
8,C,DI,S,BC,9,7,8&9,9.583333333,115,female,8,8,8&9,8.666666667,104,female,LT,yes,yes,yes,yes,green,yes,0,0,1,1,no,.,spontaneously correct,spontaneously correct,.,.,0,di,1,e,1,e,1,e,1,e,1,di,1,e,1,di,1,e,1,di,0,di,1,di,1,.,I did it once and that was because it was all yellow.,b/c I'm a good friend and it doesn't matter ow much each person gets.,20,0,4,-1,-4,3,-1,-3,-4,-1,1,4,3,2,-1,-1,-4,-3,1,-1,4,-1,3,1,-1,26
9,C,AI,S,BC,8,7,8&9,8.583333333,103,female,9,4,8&9,9.333333333,112,female,LT,yes,yes,yes,yes,red,yes,1,1,1,0,no,.,spontaneously correct,spontaneously correct,.,.,0,ai,1,ai,1,e,1,e,0,e,1,ai,1,e,1,e,1,ai,1,ai,1,e,1,ai,1,.,.,b/c then she gets some and I also get some,20,,,,,,,,,,,,,,,,,,,,,,,,,
10,ToM,AI,S,BC,6,9,6&7,6.75,81,male,6,5,6&7,6.416666667,77,female,LT,yes,yes,yes,yes,green,yes,1,0,0,0,no,.,spontaneously correct,spontaneously correct,spontaneously correct,spontaneously correct,0,e,1,e,0,ai,1,e,1,e,0,ai,1,ai,1,e,0,ai,1,ai,1,e,0,ai,1,.,.,b/c I like skittle,17,,,,,,,,,,,,,,,,,,,,,,,,,
11,C,DI,NS,BC,,,6&7,,,,,,,,,,,,,,,,,,,,,,,,,,,,,,,,,,,,,,,,,,,,,,,,,,,,,,,,,,,,,,,,,,,,,,,,,,,,,,,,
12,C,AI,S,BC,7,9,6&7,7.75,93,female,7,1,6&7,7.083333333,85,female,LT,yes,yes,yes,yes,red,yes,1,1,1,0,no,.,spontaneously correct,spontaneously correct,.,.,0,ai,0,ai,0,e,1,e,1,e,1,ai,0,e,1,e,1,ai,0,ai,0,e,1,ai,0,.,because I want to make it even,.,16,,,,,,,,,,,,,,,,,,,,,,,,,
13,C,DI,S,BC,6,10,6&7,6.833333333,82,female,6,7,6&7,6.583333333,79,female,LT,yes,yes,yes,yes,red,yes,1,0,0,1,no,.,spontaneously correct,spontaneously correct,.,.,0,di,0,di,1,e,1,di,0,di,1,di,1,di,0,e,1,e,0,e,1,e,0,e,1,.,because I wanted more skittles,because I pulled the red handle too many times when she has 4 skittles,14,,,,,,,,,,,,,,,,,,,,,,,,,
14,C,DI,S,BC,9,7,8&9,9.583333333,115,female,8,1,8&9,8.083333333,97,female,LT,yes,yes,yes,yes,red,yes,0,0,1,1,no,.,spontaneously correct,spontaneously correct,.,.,0,di,0,di,0,e,1,di,0,di,0,di,1,di,0,e,1,e,1,e,1,e,1,e,0,.,I put that because it wasn't even.,I picked that because she was making a face at me and I wanted to be fair,18,,,,,,,,,,,,,,,,,,,,,,,,,
15,C,AI,S,BC,6,8,6&7,6.666666667,80,male,7,10,6&7,7.833333333,94,female,LT,yes,yes,yes,yes,green,yes,1,1,1,0,no,.,spontaneously correct,spontaneously correct,.,.,0,ai,0,ai,1,ai,0,ai,1,ai,0,e,1,e,0,e,1,ai,0,e,1,e,0,e,1,.,I dunno; I donêt think it's fair,I don't know,14,,,,,,,,,,,,,,,,,,,,,,,,,
16,C,AI,S,BC,8,3,8&9,8.25,99,female,8,8,8&9,8.666666667,104,male,GG,yes,yes,yes,yes,green,yes,1,1,0,1,no,.,spontaneously correct,spontaneously correct,.,.,1,ai,1,ai,1,ai,1,ai,1,ai,1,e,1,e,1,e,1,ai,1,e,1,e,1,e,1,.,.,Because I get more than him and I want the skittles,12,0,3,4,-4,3,-2,-2,-1,2,3,3,-1,1,0,3,-3,4,4,-4,4,3,0,1,4,37
17,ToM,DI,NS,BC,7,3,6&7,7.25,87,female,7,0,6&7,7,84,male,GG,yes,yes,yes,yes,green,yes,1,1,1,0,no,.,spontaneously correct,not spontaneously correct - main experimenter re-went over question; recipient says no again so main experimenter tells him 'yes' b/c he will be able to see the skittles on both trays,spontaneously correct,spontaneously correct,1,e,1,e,1,e,1,e,1,di,1,e,1,di,1,di,1,di,1,di,1,e,1,di,1,.,.,because you always gave me the yellow ones and I love the yellow ones,25,0,3,3,-4,-2,-2,0,-4,-2,3,3,3,3,-1,2,-2,2,3,-3,3,-2,4,-2,-4,40
18,ToM,DI,S,BC,8,6,8&9,8.5,102,male,8,9,8&9,8.75,105,female,GG,yes,yes,yes,yes,green,yes,1,1,1,1,yes,red,spontaneously correct,spontaneously correct,spontaneously correct,spontaneously correct,1,e,1,e,0,e,1,e,1,di,0,e,1,di,0,di,1,di,0,di,0,e,1,di,0,.,because it wouldn't be fair,because she was nodding at me; she told me to do it,22,0,4,3,-3,4,4,-1,0,2,4,4,2,4,-4,3,4,4,4,-2,4,2,4,-3,-4,73
19,ToM,AI,NS,BC,8,9,8&9,8.75,105,female,6,4,6&7,6.333333333,76,male,GG,yes,yes,yes,yes,red,no,0,1,1,1,no,.,spontaneously correct,spontaneously correct,spontaneously correct,spontaneously correct,1,ai,1,di,1,.,.,.,.,.,.,.,.,.,.,.,.,.,.,.,.,.,.,.,.,.,.,.,.,1,2,-2,-2,2,2,2,2,2,2,2,2,2,2,2,-2,2,2,2,-2,2,2,2,2,26
20,ToM,AI,S,BC,6,11,6&7,6.916666667,83,female,5,11,below,5.916666667,71,male,GG,yes,yes,yes,yes,red,yes,1,1,0,0,no,.,spontaneously correct,not spontaneously correct - recpient responds with what colors the bowls are rather than answer to what main experimenter asked; m exp. Asks again and recipient says 'yah' (correct response),spontaneously correct,spontaneously correct,1,ai,1,ai,0,ai,1,e,0,e,1,e,1,e,0,ai,1,ai,1,e,1,e,0,ai,1,.,because I didn't want a lot,"because I want some for me, my brother, and my dad",14,1,2,-3,-1,2,2,4,2,-2,3,3,2,4,1,0,-3,3,-2,3,0,2,3,3,0,40
21,ToM,DI,S,BC,7,4,6&7,7.333333333,88,female,6,3,6&7,6.25,75,female,GG,yes,yes,yes,yes,red,yes,0,1,1,1,no,.,spontaneously correct,not spontaneously correct - recpient responds with what colors the bowls are rather than answer to what main experimenter asked; m exp. Asks again and recipient says yes,spontaneously correct,spontaneously correct,1,di,0,di,1,e,1,e,0,e,1,e,0,e,0,di,0,e,1,di,1,di,0,di,0,.,kind of to make it even,the same reason,11,0,4,4,-4,4,0,-4,-4,4,4,4,4,4,-4,4,0,4,2,-4,4,-1,0,-4,-4,73
22,C,AI,S,AP,7,9,6&7,7.75,93,female,7,1,6&7,7.083333333,85,male,GG,yes,yes,yes,yes,red,yes,1,1,1,0,no,.,spontaneously correct,spontaneously correct,.,.,1,e,1,ai,1,e,0,ai,0,e,1,e,0,ai,1,ai,0,e,1,ai,0,e,1,ai,0,.,I did it because I thought that there werenêt many in the silver bowl,because I thought I didn't have many,21,0,4,4,-4,3,1,1,-3,2,3,4,3,3,-4,3,1,1,3,-3,4,3,4,-2,-4,65
23,C,DI,NS,AP,7,8,6&7,7.666666667,92,male,8,1,8&9,8.083333333,97,female,CC,yes,yes,yes,yes,red,yes,1,0,0,1,no,.,spontaneously correct,spontaneously correct,.,.,1,e,0,e,1,e,1,ai,1,di,0,di,0,e,1,di,0,e,1,di,0,e,1,di,0,.,because I really wanted the skittles and I didn't want her to get more,.,17,1,-1,-4,1,3,0,4,2,-3,4,4,2,4,3,3,-4,3,2,4,-3,1,3,3,4,57
24,ToM,AI,S,AP,6,5,6&7,6.416666667,77,female,6,2,6&7,6.166666667,74,female,CC,yes,yes,yes,yes,red,yes,1,0,0,1,no,.,spontaneously correct,spontaneously correct,spontaneously correct,spontaneously correct,1,ai,1,e,1,ai,1,ai,1,ai,1,e,0,ai,1,e,1,e,1,ai,1,e,1,e,1,.,.,I wanted to give it to the kids,9,0,3,-3,-1,-1,1,,-2,-2,-1,3,-1,4,-4,-2,,3,3,1,3,-3,1,1,1,
25,ToM,DI,S,AP,7,2,6&7,7.166666667,86,female,6,10,6&7,6.833333333,82,female,CC,yes,yes,yes,yes,green,yes,1,1,,1,no,.,spontaneously correct,spontaneously correct,spontaneously correct,spontaneously correct,1,di,1,di,1,e,1,e,1,di,1,e,1,di,0,di,1,e,1,e,1,e,1,di,1,.,because I didn't like a lot of skittles and I have a stomach ace,because I like skittles and I wanted the girl to have some,14,1,-2,4,1,4,4,4,0,4,4,4,4,4,4,4,4,4,4,4,0,4,4,4,4,27
26,ToM,DI,S,AP,9,7,8&9,9.583333333,115,male,7,7,6&7,7.583333333,91,female,CC,yes,yes,yes,yes,red,yes,0,1,1,1,no,.,spontaneously correct,spontaneously correct,spontaneously correct,spontaneously correct,1,di,1,di,1,e,0,e,1,e,0,e,1,e,1,di,0,e,1,di,0,di,0,di,1,.,She doesn't need that much,b/c I wanted Nicole to have 4 skittles,9,0,1,2,-1,2,1,2,1,1,3,3,3,4,-3,-2,-1,2,3,-2,4,2,4,2,1,32
27,ToM,AI,S,BC,6,8,6&7,6.666666667,80,female,9,8,8&9,9.666666667,116,female,CC,yes,yes,yes,yes,green,yes,1,0,0,1,no,.,spontaneously correct,spontaneously correct,spontaneously correct,spontaneously correct,1,ai,1,e,1,ai,1,e,1,ai,1,e,1,ai,1,e,0,ai,1,e,0,e,0,ai,1,.,.,"Well because, well, cause, I know arianna didnêt like them because thought it would be fair enough so she got 1 and I got 4Äcause I didn't want her to get none cause when we both got 1 I was like mm that's not enough so I [put?] them down",15,1,3,-3,-2,2,-1,3,1,-4,3,3,3,4,-1,-3,-3,3,-3,3,-3,-1,2,2,3,47
28,ToM,DI,S,BC,7,5,6&7,7.416666667,89,male,6,1,6&7,6.083333333,73,female,CC,yes,yes,yes,yes,red,yes,0,1,1,1,no,.,spontaneously correct,"not spontaneously correct - main experimenter asked ""Can you see how much candy is on his side?"" while pointing to actor's tray and recipient answers ""1"" (correct)",spontaneously correct,spontaneously correct,1,di,1,e,1,e,1,e,0,e,1,e,0,di,1,di,0,e,1,di,1,di,0,di,0,.,I don't know why,I was trying to be nice,16,0,2,3,-3,3,1,0,-2,0,3,2,2,2,1,1,1,1,1,-1,1,0,2,1,-3,32
29,C,AI,S,AP,7,3,6&7,7.25,87,male,7,9,6&7,7.75,93,female,LT,yes,yes,yes,yes,green,yes,1,0,0,1,no,.,.,.,.,.,0,e,1,ai,1,e,1,ai,0,ai,1,e,1,e,1,ai,1,ai,1,e,1,ai,1,e,1,.,too much candy is bad,because my brother loves candy and he'll complain,10,1,1,-3,-1,-4,2,3,-4,,,,,,,,,,,,,,,,,
30,C,DI,S,AP,7,11,6&7,7.916666667,95,male,5,5,below,5.416666667,65,male,LT,yes,yes,yes,yes,green,yes,1,1,0,1,no,.,spontaneously correct,spontaneously correct,.,.,0,e,1,di,0,di,0,e,1,di,0,di,0,e,1,e,1,di,0,e,1,di,0,e,1,.,because it wouldn't be fair if he got 4 and I only got 1 on my side,.,12,0,0,-1,-2,-2,-4,4,-1,-1,0,1,2,1,-1,-1,-2,-2,-1,-1,-1,-1,0,4,2,-17
31,C,AI,S,AP,7,2,6&7,7.166666667,86,female,6,5,6&7,6.416666667,77,male,LT,yes,yes,yes,.,red,yes,1,0,0,1,no,.,spontaneously correct,spontaneously correct,.,.,0,ai,1,ai,1,e,1,ai,1,ai,1,e,1,e,1,e,1,ai,1,ai,1,e,1,e,1,.,.,because I like te type of candy that you brought,18,1,4,-4,4,3,-3,3,2,4,3,4,4,2,2,3,4,3,3,4,4,2,4,3,3,41
32,C,AI,S,AP,9,1,8&9,9.083333333,109,female,8,6,8&9,8.5,102,female,LT,yes,yes,yes,yes,red,yes,1,1,0,0,no,.,spontaneously correct,spontaneously correct,.,.,0,e,1,ai,1,e,1,ai,0,e,1,e,1,ai,1,ai,1,e,1,ai,0,e,1,ai,1,.,I want us to have about the same skittles,cuz I want skittles,18,0,4,2,-4,2,-4,-4,-4,-4,4,4,2,4,-4,-4,-4,-4,,,,,,,,
33,C,DI,S,AP,7,10,6&7,7.833333333,94,male,7,2,6&7,7.166666667,86,female,LT,yes,yes,yes,yes,green,yes,1,0,0,1,no,.,spontaneously correct,spontaneously correct,.,.,0,e,1,e,1,e,1,di,0,di,0,e,1,e,1,di,0,di,0,di,0,di,0,e,1,.,she'll get more skittles than me at the end and I wanted to get more skittles,.,10,,,,,,,,,,,,,,,,,,,,,,,,,
34,C,DI,S,AP,8,6,8&9,8.5,102,male,10,6,over,10.5,126,male,LT,yes,yes,yes,yes,red,yes,1,0,0,1,no,.,spontaneously correct,spontaneously correct,.,.,0,e,1,e,1,e,1,di,0,di,0,di,0,e,1,di,0,e,1,di,0,e,1,di,0,.,b/c I wanted to get more candy,.,21,0,4,4,3,4,1,4,3,2,2,-4,4,4,4,4,2,-2,3,1,3,1,4,2,2,17
35,ToM,AI,S,AP,8,5,8&9,8.416666667,101,male,8,3,8&9,8.25,99,female,LT,yes,yes,yes,yes,red,yes,1,0,0,1,no,.,spontaneously correct,spontaneously correct,spontaneously correct,spontaneously correct,0,ai,1,e,1,ai,1,ai,1,ai,1,e,1,ai,1,e,1,e,1,ai,1,e,1,e,1,.,.,because there is a lot of skittles,19,1,3,4,2,-4,-4,-4,-4,4,4,4,-1,4,-4,-4,4,4,4,4,4,2,-4,4,4,-10
36,ToM,AI,S,BC,6,7,6&7,6.583333333,79,male,6,7,6&7,6.583333333,79,male,CC,yes,yes,yes,yes,green,yes,0,1,1,1,no,.,spontaneously correct,spontaneously correct,spontaneously correct,spontaneously correct,1,ai,1,ai,1,e,1,e,1,e,1,ai,1,e,1,e,1,ai,1,e,1,ai,1,ai,1,.,.,cuz I wanted to get more,16,0,4,3,-4,4,0,2,0,4,4,4,4,4,-2,4,,4,4,-2,3,4,4,-1,0,
37,ToM,DI,S,BC,9,9,8&9,9.75,117,male,9,11,8&9,9.916666667,119,male,CC,yes,yes,yes,yes,green,yes,0,1,1,1,no,.,spontaneously correct,spontaneously correct,spontaneously correct,spontaneously correct,1,di,1,di,1,e,1,e,0,di,0,e,1,di,0,di,0,e,1,e,1,e,1,di,0,.,so it could be more even,so I can have one too,18,1,3,3,2,2,1,4,1,1,4,4,4,4,1,1,-3,2,-3,3,-3,1,2,4,3,47
38,ToM,AI,S,BC,8,10,8&9,8.833333333,106,male,10,10,over,10.83333333,130,male,CC,yes,yes,yes,yes,green,yes,1,0,1,1,yes,red,spontaneously correct,spontaneously correct,spontaneously correct,spontaneously correct,1,ai,1,e,1,ai,1,e,0,ai,1,e,1,ai,1,e,1,ai,1,e,0,e,1,ai,1,.,.,because I want a lot of skittles,17,0,3,4,-4,2,4,4,1,3,1,4,2,4,0,4,4,3,4,1,4,-1,4,2,-1,46
39,ToM,DI,S,BC,7,10,6&7,7.833333333,94,male,6,11,6&7,6.916666667,83,female,CC,yes,yes,yes,yes,red,yes,1,0,0,0,no,.,spontaneously correct,spontaneously correct,spontaneously correct,spontaneously correct,1,di,0,di,0,e,1,di,1,e,0,e,1,di,0,e,0,e,1,e,0,di,1,di,0,.,Because I like the candy in the middle so like I put them on that side because we don't get each,"because when it's one its one it's fair to  pull the green handles because um people get one each (1st time when asked). Because, um, somestimes I like like to so she gets 4 and I get one and cometimes I get confusing with the pulls (2nd time when asked)",14,1,2,3,2,-1,1,2,4,2,3,3,-2,-2,-1,-1,3,3,-3,-2,4,3,2,4,2,5
40,ToM,DI,S,BC,8,5,8&9,8.416666667,101,female,9,4,8&9,9.333333333,112,female,CC,yes,yes,yes,yes,red,yes,0,1,0,1,no,.,spontaneously correct,spontaneously correct,spontaneously correct,spontaneously correct,0,di,0,e,1,e,0,e,1,e,0,e,1,di,0,di,0,e,1,di,0,di,0,di,0,.,"if I hadn't done that, she would've gotten way more skittles than me",.,26,0,3,3,-4,3,0,-4,-3,0,4,4,3,3,-4,2,0,2,2,-4,3,1,4,0,-4,60
41,ToM,AI,S,BC,6,8,6&7,6.666666667,80,male,8,4,8&9,8.333333333,100,female,CC,yes,yes,yes,yes,green,yes,1,0,0,1,no,.,spontaneously correct,spontaneously correct,spontaneously correct,spontaneously correct,0,e,1,e,0,ai,1,e,1,e,1,ai,1,ai,1,e,0,ai,1,ai,1,e,1,ai,1,.,.,because I wanted more skittles because ive only had one pack in my life,19,1,3,1,-2,0,-3,1,0,-2,3,2,0,2,0,0,-3,1,2,0,-4,2,0,2,1,20
42,ToM,AI,S,BC,9,9,8&9,9.75,117,male,9,10,8&9,9.833333333,118,female,CC,yes,yes,yes,yes,green,yes,1,0,0,0,no,.,spontaneously correct,"not spontaneously correct - recipient states ""2"" and experimenter says ""Uh no, you can see one on his tray, his side I mean, so can you see how many candies are on his side?"" and recipient responds ""yes""",spontaneously correct,spontaneously correct,0,e,1,ai,0,e,1,ai,0,ai,0,e,1,e,1,ai,0,ai,0,e,1,ai,0,e,1,.,Because I felt it's unfair for me to get more and she get less,.,24,0,4,3,-4,3,1,0,-4,0,3,4,4,4,-4,0,-4,-4,4,-4,0,0,0,0,-4,42
43,C,DI,S,BC,6,8,6&7,6.666666667,80,male,6,3,6&7,6.25,75,female,CC,yes,yes,yes,yes,green,yes,1,0,0,1,no,.,spontaneously correct,spontaneously correct,.,.,0,di,0,e,1,e,1,e,0,e,1,di,0,e,1,di,0,e,1,di,0,di,1,di,0,.,because i like making my own decisions and when i think about i think about when you put 4 on the (lady?) side and i donêt like it when she gets more than me,"first response given: ""Because I like what we both each get one""; experimenter re-asks question and 2nd response given: ""Because I just wanted to make her happy""",16,1,3,-4,2,4,-1,4,-3,-3,0,1,4,4,0,-2,-4,4,1,2,-4,1,0,3,0,40
44,C,DI,S,BC,8,2,8&9,8.166666667,98,female,10,6,over,10.5,126,male,GG,yes,yes,yes,yes,green,yes,1,1,1,0,no,.,spontaneously correct,spontaneously correct,.,.,0,e,0,di,1,di,0,e,1,di,1,di,0,e,1,e,0,di,1,e,0,di,1,e,0,.,"I just did it for no reason, I don't really know",I don't know,19,0,3,3,-4,4,-3,-4,-2,3,4,4,2,4,-4,3,2,-2,3,-3,3,-1,3,1,-3,54
45,C,AI,S,BC,9,4,8&9,9.333333333,112,female,10,3,over,10.25,123,male,CC,yes,yes,yes,yes,red,yes,1,0,0,1,no,.,spontaneously correct,spontaneously correct,.,.,0,ai,1,ai,1,e,1,ai,1,ai,1,e,1,e,1,e,1,ai,1,ai,1,e,1,e,0,.,.,so I could get skittles,17,1,1,-3,-2,0,0,1,0,-2,1,2,2,2,0,0,0,2,-1,2,-1,-1,2,2,0,23
46,C,DI,S,BC,9,11,8&9,9.916666667,119,male,10,8,over,10.66666667,128,male,CC,yes,yes,yes,yes,green,yes,0,0,0,0,no,.,spontaneously correct,spontaneously correct,.,.,0,e,1,e,1,e,1,di,0,di,0,e,1,e,1,di,0,di,0,di,0,di,0,e,1,.,Because it wasn't fair because I would've gotten 1 and he would've gotten 4,.,23,0,3,4,-3,2,2,-2,3,2,3,3,3,3,-3,0,0,2,3,1,3,-2,2,2,-2,37
47,C,AI,S,BC,7,11,6&7,7.916666667,95,male,8,2,8&9,8.166666667,98,female,GG,yes,yes,yes,yes,green,yes,1,1,0,0,no,.,spontaneously correct,spontaneously correct,.,.,0,ai,1,ai,1,e,1,e,1,e,0,ai,1,e,0,e,1,ai,1,e,1,ai,1,ai,0,.,it wasn't really fair since I got 4 three times,because I like them,19,1,0,1,2,2,3,3,3,-2,3,3,3,0,2,1,2,1,2,2,2,1,3,2,2,23
48,C,AI,S,BC,8,7,8&9,8.583333333,103,female,10,8,over,10.66666667,128,male,LT,yes,yes,yes,yes,red,yes,1,1,1,1,yes,red,spontaneously correct,spontaneously correct,.,.,0,ai,1,ai,1,e,1,e,0,e,1,ai,1,e,1,e,1,ai,1,ai,1,e,0,ai,1,.,.,because I like skittles,19,0,2,2,-3,2,0,-2,-3,-2,2,4,1,3,-4,1,1,0,2,-3,2,-1,2,2,-3,37
49,C,DI,S,BC,7,2,6&7,7.166666667,86,female,8,9,8&9,8.75,105,female,LT,yes,yes,yes,yes,red,yes,1,0,0,1,no,.,spontaneously correct,spontaneously correct,.,.,0,di,1,di,1,e,1,di,1,di,1,di,1,di,1,e,1,e,1,e,1,e,1,e,1,.,.,*shrugs*,11,1,2,-3,0,3,-4,3,0,-4,4,4,1,2,3,2,-4,4,0,0,-3,2,3,3,1,51
50,C,AI,S,BC,6,11,6&7,6.916666667,83,male,8,4,8&9,8.333333333,100,female,LT,yes,yes,yes,yes,green,yes,1,1,0,0,no,.,spontaneously correct,spontaneously correct,.,.,0,ai,1,ai,0,ai,0,ai,1,ai,0,e,1,e,1,e,1,ai,0,e,1,e,1,e,1,.,because I was trying to get all the ones that had 1 on them,because I was getting kind of tired of the 4s and I thougt that if I pulled green you would put ones with the 1s on,18,0,4,4,1,-1,0,1,4,3,2,4,4,1,0,1,4,0,4,3,4,4,3,-1,1,32
51,ToM,DI,S,BC,7,10,6&7,7.833333333,94,female,6,11,6&7,6.916666667,83,female,LT,yes,yes,yes,yes,green,yes,1,1,0,0,no,.,spontaneously correct,spontaneously correct,spontaneously correct,spontaneously correct,0,e,1,e,0,e,1,e,0,di,1,e,1,di,0,di,0,di,1,di,1,e,1,di,0,.,Well because sometimesÄbecause I was trying to make each of us have the same amount,because I kind of felt like it,19,1,4,-3,3,3,-3,4,-1,-3,3,2,4,4,2,3,-4,4,-4,-4,-4,2,2,0,2,54
52,ToM,AI,S,BC,7,4,6&7,7.333333333,88,female,8,6,8&9,8.5,102,female,LT,yes,yes,yes,yes,red,yes,1,1,0,0,no,.,spontaneously correct,"not spontaneously correct - recipient says ""umm, 3?"" and experimenter re-asks question, 2nd time answers ""1"" (correct)",spontaneously correct,spontaneously correct,0,ai,0,ai,0,ai,0,e,1,e,1,e,1,e,1,ai,0,ai,0,e,1,e,1,ai,0,.,because it wouldn't be fair to Osydes and me,.,16,0,4,3,-4,3,2,-1,2,2,2,4,2,3,-3,2,3,3,3,-3,4,3,3,-3,-3,61
53,ToM,DI,S,BC,6,10,6&7,6.833333333,82,female,6,10,6&7,6.833333333,82,female,LT,yes,yes,yes,yes,red,yes,1,1,0,1,no,.,spontaneously correct,"not spontaneously correct - answers ""4"" at first and experimenter repeats questions and says ""1"" (correct) this 2nd time ",spontaneously correct,spontaneously correct,0,di,0,di,1,e,1,e,1,e,1,e,0,e,1,di,1,e,1,di,0,di,1,di,0,.,because it's just not fair that she gets more and I only get 1,"So I just wanted to, like, be nice to her and have, like, more for her sometimes",21,1,1,0,-2,1,-3,0,-1,-1,3,1,2,4,0,-1,1,0,4,4,0,1,-2,1,-1,8
54,ToM,DI,S,BC,9,9,8&9,9.75,117,male,10,0,over,10,120,male,LT,yes,yes,yes,yes,red,yes,1,0,0,1,no,.,spontaneously correct,spontaneously correct,spontaneously correct,spontaneously correct,0,di,0,di,0,e,1,di,0,e,1,e,1,di,0,e,1,e,1,e,1,di,0,di,0,.,so none of us gets more than the other; I'm trying to make things even,.,21,0,3,4,-3,3,3,0,-3,4,4,0,1,4,2,3,3,3,3,-3,3,2,0,-3,-3,56
55,C,AI,S,BC,6,10,6&7,6.833333333,82,female,6,10,6&7,6.833333333,82,male,LT,yes,yes,yes,yes,red,yes,0,1,1,1,no,.,spontaneously correct,"not spontaneously correct - at first answers ""white"" (color of own bowl""; experimenter re-asks question and 2nd time answers ""red"" (correct)",.,.,0,e,1,ai,1,e,1,ai,1,e,1,e,1,ai,1,ai,1,e,1,ai,1,e,1,ai,1,.,.,I don't know,13,1,3,4,0,1,-2,1,1,3,4,4,4,3,0,0,-4,3,-4,3,0,2,,3,2,
56.1,C,DI,S,BC,8,7,8&9,8.583333333,103,female,8,5,8&9,8.416666667,101,female,LT,yes,yes,yes,yes,green,yes,1,0,0,1,no,.,spontaneously correct,spontaneously correct,.,.,0,di,0,e,1,e,1,e,1,e,0,di,0,e,1,di,1,e,1,di,0,di,1,di,0,.,because I wanted it to be equal for Miranda,so Miranda can get more skittles than me,23,0,4,2,-4,3,0,3,-4,0,3,4,3,3,-4,2,1,0,3,-3,4,3,4,-3,-3,57
56.2,ToM,AI,S,BC,8,2,8&9,8.166666667,98,female,10,4,over,10.33333333,124,female,LT,yes,yes,yes,yes,green,yes,1,0,0,0,no,.,spontaneously correct,spontaneously correct,spontaneously correct,spontaneously correct,0,e,1,e,1,ai,0,e,1,e,1,ai,0,ai,0,e,1,ai,0,ai,0,e,1,ai,0,.,.,because she only had 1 and I had 4 and it's not fair,14,1,2,-3,1,2,0,2,-3,-3,4,4,4,4,-4,-2,-2,2,,,,,,,,
57,C,DI,S,BC,6,5,6&7,6.416666667,77,female,4,11,below,4.916666667,59,male,LT,yes,yes,yes,yes,red,yes,1,0,0,1,no,.,spontaneously correct,spontaneously correct,.,.,0,e,1,e,1,e,0,di,0,di,1,di,0,e,1,di,1,e,1,di,1,e,1,di,1,.,"I don't know, I just feel like pulling it",because I like pulling the green one,10,,,,,,,,,,,,,,,,,,,,,,,,,
58,C,AI,S,BC,8,9,8&9,8.75,105,female,7,9,6&7,7.75,93,female,LT,yes,yes,yes,yes,red,yes,1,1,0,0,no,.,spontaneously correct,spontaneously correct,.,.,0,ai,0,ai,0,e,1,e,1,e,1,ai,0,e,1,e,1,ai,0,ai,0,e,1,ai,0,.,because I wanted it to be fair,.,23,0,3,0,-3,1,2,-2,-1,0,0,3,2,2,-4,0,-1,-2,1,-3,2,-1,3,2,-2,28
60,C,DI,S,BC,9,2,8&9,9.166666667,110,male,9,3,8&9,9.25,111,female,LT,yes,yes,yes,yes,red,yes,1,0,0,1,no,.,spontaneously correct,spontaneously correct,.,.,0,di,0,di,0,e,1,di,0,di,0,di,0,di,0,e,1,e,1,e,1,e,1,e,1,.,because that's not equal,.,15,,,,,,,,,,,,,,,,,,,,,,,,,
61,ToM,AI,S,BC,7,2,6&7,7.166666667,86,male,5,5,below,5.416666667,65,female,LT,yes,yes,yes,yes,red,yes,1,0,0,1,no,.,spontaneously correct,"not spontaneously correct - answers ""no"", experimenter re-asks and she says ""no"" again, then answers ""2""  then esperimenter asks ""can you tell me how many are on this tray right here?"" and she answers ""3"" and dad tells her ""Try to count!""","not spontaneously correct - answers ""no"" and gives same answer when experimenter re-asks --> however, this matches with the response the recipient gives (so accurate in that sense)","not spontaneously correct - experimenter asks how many are on her [recipient's] tray and she answers ""2""",0,ai,0,e,1,ai,0,ai,1,ai,1,e,1,ai,1,e,1,e,1,ai,1,e,1,e,1,.,because its not fair,"""nope"" when asked ""do you have any reasons?"" after no response for a long time",13,,,,,,,,,,,,,,,,,,,,,,,,,
62,ToM,DI,S,BC,7,8,6&7,7.666666667,92,male,9,3,8&9,9.25,111,male,LT,yes,yes,yes,yes,green,yes,1,1,1,0,no,.,spontaneously correct,spontaneously correct,spontaneously correct,"not spontaneously correct - first actor answers for recipient and experimenter says she wants to hear recipient's answer, then recipient answers ""no"" then says ""yes"" right away when experimenter explains more and re-asks question",0,di,1,di,0,e,1,e,0,di,1,e,1,di,1,di,1,e,1,e,0,e,1,di,1,.,*shrugs*,b/c if i pull this [green handle] i get more and 1 is better than 0,16,0,4,3,-2,4,3,0,0,3,4,3,2,4,-3,1,1,3,3,-2,2,0,1,-1,0,49
63,ToM,AI,S,BC,7,3,6&7,7.25,87,female,8,5,8&9,8.416666667,101,male,LT,yes,yes,yes,yes,green,yes,1,0,0,0,no,.,spontaneously correct,spontaneously correct,spontaneously correct,spontaneously correct,0,ai,0,e,1,ai,0,e,1,ai,0,e,1,ai,0,e,1,ai,0,e,1,e,1,ai,0,.,because it wouldn't be fair,.,13,1,-4,-4,2,4,-3,4,1,-4,0,1,-4,4,1,4,-2,4,-3,4,-4,-4,4,0,-3,46
64,ToM,DI,S,BC,7,0,6&7,7,84,male,5,1,below,5.083333333,61,female,LT,yes,yes,yes,yes,red,yes,0,1,1,1,no,.,spontaneously correct,spontaneously correct,spontaneously correct,spontaneously correct,0,di,1,e,1,e,1,e,1,e,1,e,1,di,0,di,0,e,1,di,1,di,0,di,1,.,so opponent doesn't get more skittles,it might be a flavor that I want,17,0,1,2,-3,2,2,2,-3,3,3,3,2,3,-4,3,4,2,2,-3,3,2,4,2,-3,53
65,C,AI,S,BC,6,1,6&7,6.083333333,73,female,5,9,below,5.75,69,female,LT,yes,yes,yes,yes,green,yes,1,0,0,1,no,.,spontaneously correct,spontaneously correct,.,.,0,e,1,ai,1,e,1,ai,1,ai,1,e,1,e,1,ai,1,ai,1,e,1,ai,1,e,1,.,.,I don't know,10,1,2,-4,2,2,-1,2,-4,-3,4,3,4,4,-1,-3,-4,2,3,3,-4,3,2,2,-2,32
66,C,DI,S,BC,6,2,6&7,6.166666667,74,female,6,11,6&7,6.916666667,83,female,LT,yes,yes,yes,yes,green,yes,0,1,0,0,yes,green,spontaneously correct,spontaneously correct,.,.,0,e,1,di,0,di,0,e,1,di,0,di,0,e,1,e,1,di,0,e,1,di,0,e,1,.,because then it's not fair and she gets more and I get less,.,21,,,,,,,,,,,,,,,,,,,,,,,,,
67,C,AI,S,BC,6,5,6&7,6.416666667,77,male,5,8,below,5.666666667,68,female,LT,yes,yes,yes,yes,red,yes,1,0,0,1,no,.,spontaneously correct,spontaneously correct,.,.,0,ai,1,ai,1,e,1,ai,1,ai,1,e,1,e,1,e,1,ai,1,ai,1,e,1,e,1,.,.,because that is more,11,1,-1,1,1,-2,1,3,2,2,4,4,4,3,1,-1,2,2,-2,2,-2,2,2,2,1,23
69,C,AI,S,BC,8,11,8&9,8.916666667,107,female,5,11,below,5.916666667,71,male,LT,yes,yes,yes,yes,green,yes,1,1,1,0,no,.,spontaneously correct,spontaneously correct,.,.,0,ai,1,ai,0,ai,1,ai,1,ai,0,e,1,e,1,e,0,ai,1,e,1,e,1,e,1,.,Because sometimes I thought that it's not fair if he gets 1 and I had 4,because I wanted the candy,16,1,2,-4,3,-1,-4,3,3,-4,2,2,4,4,-1,-4,-4,3,-4,4,-2,3,3,2,1,49
70,C,DI,S,AP,6,8,6&7,6.666666667,80,female,5,8,below,5.666666667,68,female,CC,yes,yes,yes,yes,green,yes,1,0,1,1,yes,red,spontaneously correct,spontaneously correct,.,.,1,e,1,e,1,e,1,di,1,di,1,e,1,e,1,di,1,di,1,di,1,di,1,e,1,.,.,Because I wanted a lot of skittles so I never wanted to say no,24,0,2,2,-4,1,4,3,-2,3,3,1,4,2,4,3,-3,3,2,-3,4,2,3,1,-3,40
71,ToM,AI,S,AP,7,3,6&7,7.25,87,female,5,7,below,5.583333333,67,male,CC,yes,yes,yes,yes,green,yes,1,1,0,0,no,.,spontaneously correct,"not spontaneously correct - said no at first, experimenter re-asked question then responded ""yes""",spontaneously correct,spontaneously correct,1,ai,0,ai,1,e,1,e,1,e,1,ai,0,e,1,e,1,ai,0,e,1,ai,1,ai,1,.,because if he didn't get 4 skittles and I didn't get 4 skittles I would pull the green one sometimes,because sometimes I wanted more skittles for me and my brother,13,1,1,-1,-1,3,-2,2,1,-4,3,3,-1,4,0,1,-4,4,-1,3,-1,-2,3,-3,2,40
72,ToM,DI,NS,AP,7,1,6&7,7.083333333,85,female,7,4,6&7,7.333333333,88,female,CC,yes,yes,yes,yes,red,yes,1,0,0,1,no,.,spontaneously correct,spontaneously correct,spontaneously correct,spontaneously correct,1,di,1,di,1,e,1,di,1,e,1,e,1,di,1,e,1,e,1,e,1,di,1,di,1,.,.,because I want Charlotte to get 4 and I wanted to be fair when she got 4 and I got one,10,0,3,3,0,2,2,0,0,2,2,2,2,2,0,1,0,1,1,2,3,2,2,1,2,25
73,ToM,AI,S,AP,7,4,6&7,7.333333333,88,female,6,9,6&7,6.75,81,male,CC,yes,yes,yes,yes,green,yes,1,0,1,1,no,.,spontaneously correct,spontaneously correct,spontaneously correct,spontaneously correct,1,e,1,e,1,ai,1,e,1,e,1,ai,1,ai,1,e,1,ai,1,ai,1,e,1,ai,1,.,.,because it's really easy and I just got to pull one handle,10,1,-3,-1,-3,0,0,3,-1,-2,2,1,2,2,-2,-2,-1,2,2,3,-3,2,0,-2,-2,3
74,C,DI,S,AP,6,0,6&7,6,72,female,7,3,6&7,7.25,87,male,CC,yes,yes,yes,yes,green,yes,1,0,0,0,no,.,spontaneously correct,spontaneously correct,.,.,1,di,0,e,1,e,1,e,1,e,1,di,0,e,1,di,0,e,1,di,0,di,0,di,0,.,because it would be not fair,.,13,0,3,1,-4,3,2,-2,-2,4,4,4,3,3,1,2,0,0,0,-3,3,0,4,2,-2,46
75,ToM,DI,S,BC,8,10,8&9,8.833333333,106,male,10,2,over,10.16666667,122,female,CC,yes,yes,yes,yes,green,yes,1,1,1,0,no,.,spontaneously correct,spontaneously correct,spontaneously correct,spontaneously correct,1,e,1,e,1,e,1,e,0,di,1,e,1,di,1,di,0,di,0,di,1,e,1,di,1,.,because I thought she had enough skittles,because I thought she liked skittles more,13,1,2,-4,-3,-3,0,3,4,-4,4,4,3,4,0,-4,-4,4,-3,4,-4,0,4,-4,3,44
76,C,AI,S,BC,6,7,6&7,6.583333333,79,male,7,2,6&7,7.166666667,86,male,CC,yes,yes,yes,yes,red,yes,1,1,0,1,no,.,spontaneously correct,spontaneously correct,.,.,1,ai,1,ai,1,e,1,e,1,e,1,ai,1,e,1,e,1,ai,1,ai,1,e,1,ai,1,.,.,so I get more,14,0,4,-4,-4,4,4,0,0,3,4,4,4,4,0,4,-3,0,0,-3,4,-3,0,3,-3,36
77,ToM,AI,S,BC,9,0,8&9,9,108,female,8,0,8&9,8,96,male,CC,yes,yes,yes,yes,red,yes,1,1,1,0,no,.,spontaneously correct,spontaneously correct,spontaneously correct,spontaneously correct,1,ai,1,ai,1,ai,0,e,1,e,1,e,1,e,1,ai,1,ai,1,e,1,e,1,ai,0,.,because I think it's kind of unfair,because I really love skittles,19,1,3,-4,-1,4,-4,-1,-4,-4,4,3,3,4,,3,-4,4,3,3,-4,1,4,4,-2,
78,C,DI,S,BC,7,0,6&7,7,84,female,8,3,8&9,8.25,99,female,CC,yes,yes,yes,yes,red,yes,1,0,1,1,yes,red,spontaneously correct,spontaneously correct,.,.,1,di,1,di,1,e,1,di,1,di,1,di,1,di,1,e,1,e,1,e,1,e,1,e,1,.,.,"Because sometimes I think it would be kind of ok because I don't think its fair, I mean I think its kinda fair, because I donêt care about getting 4 I just care about getting skittles",15,0,4,1,-4,4,3,-1,2,4,2,4,3,4,-1,-3,0,2,2,4,4,0,-2,2,-1,31
79,C,AI,S,BC,7,8,6&7,7.666666667,92,male,6,0,6&7,6,72,female,CC,yes,yes,yes,yes,green,yes,1,1,0,0,no,.,spontaneously correct,spontaneously correct,.,.,1,ai,1,ai,1,ai,1,ai,1,ai,1,e,1,e,1,e,1,ai,1,e,1,e,1,e,1,.,.,Because I like skittles; and if you put 4 on her side and 1 on my side I'd pull the green handle,15,1,1,-2,-2,1,0,2,0,-4,3,3,3,3,2,0,-4,2,-4,3,-3,-3,0,0,2,43
80,ToM,DI,S,BC,7,6,6&7,7.5,90,female,7,2,6&7,7.166666667,86,male,CC,yes,yes,yes,yes,green,yes,1,1,1,0,no,.,spontaneously correct,spontaneously correct,spontaneously correct,"not spontaneously correct - said ""I don't know"" and then experimenter explained to him how actor could, indeed see the candy/know how much was on his side ",1,e,1,e,1,e,1,e,1,di,0,e,1,di,0,di,1,di,0,di,0,e,1,di,0,.,"""Because Eoun [actor] had more than me so it would be the same amount"" experimenter asked again for her to repeat answer: ""Eoun had more and I had less so I stopped and when we both had 1 I pushed the red handle and when Eoun had 4 I pushed the red handle""","""Because I was pushing the red handle too much so I decided to press the green one""",18,,,,,,,,,,,,,,,,,,,,,,,,,
81,ToM,AI,S,BC,7,2,6&7,7.166666667,86,female,5,9,below,5.75,69,male,CC,yes,yes,yes,yes,red,yes,1,1,0,0,no,.,spontaneously correct,spontaneously correct,spontaneously correct,spontaneously correct,1,ai,0,ai,1,ai,1,e,1,e,1,e,1,e,1,ai,1,ai,1,e,1,e,1,ai,1,.,"""Um just because he only had 1Äand it's not fair because I had 4""",because I wanted more skittles,16,1,2,0,3,2,1,3,3,-3,2,2,1,3,3,1,-4,3,3,3,0,-2,0,2,3,41
82,ToM,DI,S,BC,8,10,8&9,8.833333333,106,male,10,5,over,10.41666667,125,female,CC,yes,yes,yes,yes,red,yes,0,1,1,0,no,.,spontaneously correct,spontaneously correct,spontaneously correct,spontaneously correct,1,di,0,di,0,e,1,e,1,e,1,e,0,e,1,di,1,e,1,di,0,di,0,di,0,.,because that would be no fair,because I wanted her to get 4,20,0,2,0,3,2,1,4,-2,3,3,0,3,3,4,3,3,2,2,3,3,3,1,2,1,19
83,C,AI,S,BC,8,1,8&9,8.083333333,97,male,8,6,8&9,8.5,102,male,CC,yes,yes,yes,yes,red,yes,1,1,1,0,no,.,spontaneously correct,spontaneously correct,.,.,1,e,1,ai,1,e,0,ai,1,e,0,e,1,ai,1,ai,1,e,0,ai,1,e,1,ai,1,.,.,"I just don't know, I pulled randomly",20,1,2,1,1,1,3,3,1,-1,0,1,2,4,3,1,-4,2,-2,4,-4,,3,4,2,
84,ToM,DI,S,BC,7,11,6&7,7.916666667,95,female,8,5,8&9,8.416666667,101,male,CC,yes,yes,yes,yes,red,yes,1,1,1,1,yes,red,spontaneously correct,spontaneously correct,spontaneously correct,spontaneously correct,1,di,1,di,0,e,1,e,1,e,1,e,1,e,1,di,0,e,1,di,1,di,0,di,1,.,"""Sometimes he got a couple skittles that were 4 so I pulled red""","first response: *shrug*, ""I don't know why I did it""; experimenter said there was no right or wrong answer, 2nd response: ""Well I did it because it was kind of fair""Älater adds (heard as experimenter repeated back) ""Because you were nice?"" ",14,0,2,2,-4,0,-1,1,-1,0,0,1,0,0,0,0,0,0,1,-1,0,0,0,0,-1,11
85,C,AI,S,BC,6,8,6&7,6.666666667,80,male,6,10,6&7,6.833333333,82,female,LT,yes,yes,yes,yes,red,yes,1,1,0,1,no,.,spontaneously correct,spontaneously correct,.,.,0,e,1,ai,1,e,1,ai,1,e,1,e,1,ai,1,ai,1,e,1,ai,1,e,1,ai,1,.,.,cuz (that's all he said),13,1,0,-4,-3,-4,-4,-4,-4,-4,3,2,4,4,-4,-4,-4,-4,-4,4,-4,4,-3,-4,-4,-1
86,C,DI,S,BC,7,2,6&7,7.166666667,86,male,5,3,below,5.25,63,male,LT,yes,yes,yes,yes,red,yes,1,0,0,1,no,.,spontaneously correct,spontaneously correct,.,.,0,e,1,e,1,e,1,di,0,di,0,di,0,e,1,di,0,e,1,di,0,e,1,di,0,.,cuz it would be fair,.,22,1,3,-2,2,2,3,2,2,-3,3,4,4,4,2,-1,-4,2,2,4,-4,2,4,4,4,51
87,ToM,AI,S,BC,6,3,6&7,6.25,75,female,6,3,6&7,6.25,75,male,LT,yes,yes,yes,yes,red,yes,0,0,0,1,no,.,spontaneously correct,spontaneously correct,spontaneously correct,"not spontaneously correct - shakes head no, experimenter asks again and actor responds ""1"", experimenter says she wants recipient to respond, recipient says ""I don't know, I don't care"" and experimenter starts whole check ?'s over again - this time correct",0,ai,1,e,0,ai,1,ai,0,ai,0,e,0,ai,1,e,0,e,1,ai,1,e,1,e,0,.,no response,I don't know,16,1,1,2,1,-1,1,-1,-1,-1,1,3,4,1,-1,2,3,-2,4,3,0,4,0,0,0,-3
88,ToM,DI,S,BC,6,6,6&7,6.5,78,female,4,2,below,4.166666667,50,female,LT,yes,yes,yes,yes,green,yes,1,1,0,1,no,.,spontaneously correct,spontaneously correct,spontaneously correct,"not spontaneously correct - responded ""2"", experimenter asked again and responded ""no"" and then experimenter explained how yes, she did",0,di,1,di,0,e,1,e,1,di,0,e,1,di,0,di,1,e,1,e,1,e,1,di,1,.,because when I do that I don't want to win I want to be fair,because sometimes it's fair to do it,11,0,4,4,-4,3,-3,-4,-3,3,3,4,-2,3,-3,3,4,4,4,-3,4,4,4,-3,-3,69
89,C,DI,NS,BC,9,1,8&9,9.083333333,109,female,7,3,6&7,7.25,87,male,LT,yes,yes,yes,yes,red,yes,1,0,1,1,no,.,spontaneously correct,spontaneously correct,.,.,0,e,1,e,1,e,0,di,1,di,0,di,1,e,1,di,0,e,1,di,0,e,1,di,1,.,"""Because sometimes I thought if he has a bunch more than me maybe I can pull the red handle once""","""'Cause I didnêt necessarily want to be selfish and just give me, like, 1, like, give him none every time since he's younger than me, and give me like 1 when he gets 4""",16,1,3,1,-2,3,-2,3,-3,-3,2,2,-1,3,1,-1,-3,3,2,4,-2,1,3,1,-2,25
90,ToM,AI,S,BC,6,2,6&7,6.166666667,74,female,5,5,below,5.416666667,65,female,LT,yes,yes,yes,yes,green,yes,1,0,0,1,no,.,spontaneously correct,spontaneously correct,spontaneously correct,spontaneously correct,0,ai,1,e,1,ai,1,e,1,ai,1,e,1,ai,1,e,1,ai,1,e,0,e,1,ai,1,.,.,"""So that it goes down""",8,0,-4,0,-4,4,0,0,4,-4,4,4,4,4,-4,4,4,0,4,4,4,-4,4,0,0,28
91,ToM,AI,S,BC,9,6,8&9,9.5,114,female,9,3,8&9,9.25,111,male,LT,yes,yes,yes,yes,red,yes,1,0,0,0,no,.,spontaneously correct,spontaneously correct,spontaneously correct,spontaneously correct,0,ai,1,e,1,ai,1,ai,1,ai,1,e,1,ai,1,e,1,e,1,ai,1,e,1,e,1,.,.,I love skittles so I just pull the green one,8,1,-3,-4,3,4,4,4,3,4,3,4,4,3,4,0,0,3,4,0,4,3,4,0,3,24
92,ToM,DI,S,BC,7,5,6&7,7.416666667,89,male,8,10,8&9,8.833333333,106,female,LT,yes,yes,yes,yes,red,yes,1,1,1,0,no,.,spontaneously correct,spontaneously correct,spontaneously correct,spontaneously correct,0,di,0,e,1,e,1,e,0,e,1,e,1,di,0,di,0,e,1,di,0,di,1,di,0,.,because it's not fair,cuz she gave googly eyes,14,0,-4,-2,0,-1,-1,-1,-4,-2,-4,-4,-4,-3,-4,-4,-3,-3,,-3,-2,0,-3,-2,-1,
93,ToM,DI,S,BC,8,8,8&9,8.666666667,104,male,10,5,over,10.41666667,125,female,LT,yes,yes,yes,yes,green,yes,1,1,1,1,yes,red,spontaneously correct,spontaneously correct,spontaneously correct,spontaneously correct,0,di,0,di,0,e,1,e,1,di,0,e,1,di,0,di,0,e,1,e,1,e,1,di,0,.,because I wanted the candy to be even,.,18,,,,,,,,,,,,,,,,,,,,,,,,,
94,ToM,AI,S,BC,8,11,8&9,8.916666667,107,female,7,2,6&7,7.166666667,86,female,LT,yes,yes,yes,yes,green,yes,1,0,1,1,yes,red,spontaneously correct,spontaneously correct,spontaneously correct,spontaneously correct,0,ai,0,e,1,ai,0,e,1,ai,0,e,1,ai,0,e,1,ai,1,e,1,e,1,ai,0,.,because it's not fair,I also noticed I pulled the red handle a lot so sometimes the green handle is fine,17,0,4,4,-4,2,1,-2,-3,1,1,4,2,2,-3,-2,-2,2,4,-4,4,-2,3,3,-4,45
95,ToM,DI,S,BC,8,1,8&9,8.083333333,97,female,9,5,8&9,9.416666667,113,female,LT,yes,yes,yes,yes,red,yes,1,1,0,1,no,.,spontaneously correct,spontaneously correct,spontaneously correct,spontaneously correct,0,di,0,e,1,e,1,e,1,e,0,e,1,di,0,di,1,e,1,di,1,di,0,di,1,.,because she didn't get more,because I want one too,17,1,4,-2,2,3,-3,2,1,,,,,,,,,,,,,,,,,
96,C,AI,S,BC,9,11,8&9,9.916666667,119,male,9,9,8&9,9.75,117,male,LT,yes,yes,yes,yes,green,yes,1,0,0,1,no,.,spontaneously correct,spontaneously correct,.,.,0,e,1,ai,1,e,1,ai,1,ai,0,e,1,e,0,ai,1,ai,0,e,1,ai,1,e,1,.,cuz I donêt really think it would be fair,cuz I like skittles,.,,,,,,,,,,,,,,,,,,,,,,,,,
97,C,AI,S,BC,7,10,6&7,7.833333333,94,female,9,1,8&9,9.083333333,109,male,LT,yes,yes,yes,yes,green,yes,1,0,0,1,no,.,spontaneously correct,spontaneously correct,.,.,0,e,1,ai,1,e,1,ai,1,ai,1,e,1,e,1,ai,1,ai,1,e,1,ai,1,e,1,.,.,cuz I wanted to get more skittles cuz I like skittles,20,,,,,,,,,,,,,,,,,,,,,,,,,
98,C,DI,S,BC,8,0,8&9,8,96,female,7,0,6&7,7,84,male,LT,yes,yes,yes,yes,green,yes,1,1,0,1,no,.,spontaneously correct,spontaneously correct,.,.,0,e,1,di,0,di,0,e,1,di,0,di,0,e,1,e,1,di,0,e,1,di,0,e,1,.,because it's better when we had the same amount,.,20,0,4,4,-4,-2,-3,-4,2,-1,4,4,4,4,1,3,-1,4,4,-4,4,-1,-4,-4,-4,44
99,C,AI,S,BC,8,0,8&9,8,96,female,8,4,8&9,8.333333333,100,female,LT,yes,yes,yes,yes,red,yes,1,0,1,0,no,.,spontaneously correct,spontaneously correct,.,.,0,ai,1,ai,0,e,1,ai,0,ai,0,e,1,e,1,e,1,ai,0,ai,1,e,1,e,1,.,"because I don't really like skittles, its sort of eh",I sort of like them but I donêt really like them,25,1,0,-4,2,2,-2,3,1,-4,4,4,4,4,1,-2,-4,4,-3,1,-4,3,3,3,2,54
100,C,DI,S,BC,6,11,6&7,6.916666667,83,male,5,6,below,5.5,66,female,LT,yes,yes,yes,yes,green,yes,1,1,1,1,yes,red,spontaneously correct,spontaneously correct,.,.,0,e,1,di,1,di,0,e,1,di,1,di,0,e,1,e,1,di,1,e,1,di,0,e,1,.,becauseÄ I dunno,becauseÄ,22,0,4,0,-4,4,0,0,-2,4,4,4,4,4,-4,4,4,4,4,-2,4,2,4,-3,0,69
101,C,DI,S,BC,9,10,8&9,9.833333333,118,male,10,7,over,10.58333333,127,female,LT,yes,yes,yes,yes,green,yes,1,0,0,1,no,.,spontaneously correct,spontaneously correct,.,.,0,e,1,e,0,e,1,di,0,di,1,e,0,e,1,di,0,di,0,di,1,di,0,e,1,.,I have no idea,cuz I'm nice,21,1,0,2,3,3,2,3,2,-2,0,0,2,4,0,-2,-3,3,0,3,0,-1,2,2,3,30
102,ToM,AI,S,BC,9,0,8&9,9,108,female,7,6,6&7,7.5,90,female,LT,yes,yes,yes,yes,green,yes,1,1,1,0,no,.,spontaneously correct,spontaneously correct,spontaneously correct,spontaneously correct,0,ai,1,ai,0,e,1,e,1,e,1,ai,1,e,0,e,0,ai,1,e,0,ai,1,ai,1,.,*shrugs*,*shrugs*,20,0,4,4,-4,-1,4,,,4,4,4,4,4,-4,4,4,4,4,-4,4,4,4,4,-4,
103,C,AI,S,BC,6,6,6&7,6.5,78,female,6,5,6&7,6.416666667,77,female,LT,yes,yes,yes,yes,red,yes,1,0,0,1,no,.,"no response first 2 times asked, 3rd time recipient lifts bowl to show it and then actor responds correctly",spontaneously correct,.,.,0,ai,0,ai,1,e,0,ai,0,ai,0,e,0,e,0,e,1,ai,1,ai,1,e,1,e,1,.,no response,no response,9,1,-1,-3,-1,-3,-3,-3,3,-3,3,3,3,-2,-3,-3,-3,-2,3,3,-3,3,-2,3,3,10
104,ToM,DI,S,BC,9,3,8&9,9.25,111,female,9,8,8&9,9.666666667,116,female,LT,yes,yes,yes,yes,red,yes,1,0,1,1,yes,red,spontaneously correct,spontaneously correct,spontaneously correct,yes,0,di,1,di,0,e,1,di,1,e,1,e,1,di,1,e,1,e,1,e,1,di,0,di,1,.,"Because sometimes I like to balance it out how the skittles work, and then sometimes I like to be generous","Because, um, I like to make other people happy, it makes me happy when I make other people happy, so when I pull the green handle I think it made Catelyn happy because she got more skittles",18,0,4,4,-4,2,3,0,-2,3,3,4,4,4,-3,2,2,2,3,-3,4,0,2,2,-3,59
105,C,DI,S,BC,6,2,6&7,6.166666667,74,male,6,2,6&7,6.166666667,74,male,LT,yes,yes,yes,yes,green,yes,0,0,1,1,no,.,spontaneously correct,spontaneously correct,.,.,0,e,1,e,0,e,1,di,0,di,1,e,1,e,0,di,0,di,1,di,1,di,0,e,1,.,I don't know,Cause I think that's right,20,1,2,0,2,2,1,2,3,-2,3,3,-1,3,2,2,-2,2,3,4,,0,1,3,3,
106,ToM,AI,S,AP,8,5,8&9,8.416666667,101,female,8,2,8&9,8.166666667,98,female,CC,yes,yes,yes,yes,green,yes,1,0,0,0,no,.,spontaneously correct,spontaneously correct,spontaneously correct,spontaneously correct,1,e,1,e,1,ai,1,e,1,e,1,ai,1,ai,0,e,1,ai,1,ai,0,e,1,ai,1,.,Cause I kept getting 4 andÄ[couldn't hear]... And I think it would not be fair if I kept getting 4 and she would get one,Cause um I would get more then if she gets one more she will get more skittlesÄso she would get some skittles so I would have to pull the red handle because if I did then neither of us would get skittles,17,1,-2,4,0,0,4,0,0,0,0,0,0,4,0,0,4,0,-4,4,4,4,4,4,4,2
107,C,DI,NS,AP,9,8,8&9,9.666666667,116,female,7,5,6&7,7.416666667,89,male,CC,yes,yes,yes,"states he's never tried one before, when offered didn't want to try one to see if he would like it",red,yes,1,0,1,1,no,.,spontaneously correct,spontaneously correct,.,.,1,di,0,e,1,e,1,e,1,e,1,di,0,e,1,di,0,e,1,di,0,di,0,di,1,.,Cause he was gonna get more than me,Cause I kept pressing the red one,.,0,4,4,-4,4,0,2,3,4,4,4,4,4,-4,-4,2,4,4,-3,4,3,4,-3,-4,62
108,ToM,AI,NS,BC,6,5,6&7,6.416666667,77,female,5,2,below,5.166666667,62,female,CC,yes,yes,yes,yes,green,,1,1,0,0,no,.,.,.,.,.,0,ai,1,ai,1,CHECK,1,e,0,CHECK,1,CHECK,1,e,CHECK,CHECK,CHECK,.,.,.,.,.,.,.,.,.,,,16,0,4,3,-1,2,3,3,2,,,,,,,,,,2,1,2,-1,2,1,-3,
109,C,AI,S,BC,9,1,8&9,9.083333333,109,female,7,7,6&7,7.583333333,91,female,CC,yes,yes,yes,yes,red,yes,1,1,1,1,yes,red,spontaneously correct,spontaneously correct,.,.,1,ai,1,ai,0,e,1,e,1,e,0,ai,1,e,1,e,1,ai,1,ai,0,e,1,ai,1,.,to make it fair,because I really like skittles,17,1,3,0,3,3,0,2,2,-2,3,3,3,4,0,0,-3,4,0,4,-2,0,-1,2,0,42
110,C,DI,S,BC,9,4,8&9,9.333333333,112,female,10,10,over,10.83333333,130,male,CC,yes,yes,yes,yes,red,yes,1,0,1,0,no,.,spontaneously correct,spontaneously correct,.,.,1,di,0,di,0,e,1,di,1,di,0,di,1,di,0,e,1,e,1,e,0,e,0,e,1,.,because I wanted it to be both equal,I just wanted everybody to get skittles,22,0,4,2,-2,4,0,-4,0,1,4,4,3,4,-4,0,0,3,4,-1,4,-4,4,4,0,44
111,C,AI,NS,BC,,,8&9,,,,,,,,,,,,,,,,,,,,,,,,,,,,,,,,,,,,,,,,,,,,,,,,,,,,,,,,,,,,,,,,,,,,,,,,,,,,,,,,
112,ToM,DI,S,BC,6,9,6&7,6.75,81,female,6,8,6&7,6.666666667,80,male,CC,yes,yes,yes,yes,red,yes,1,0,0,0,no,.,spontaneously correct,"not spontaneously correct; experimenter then specifies which tray and recipient answers ""1""",spontaneously correct,spontaneously correct,1,di,0,di,1,e,1,di,1,e,1,e,1,di,0,e,1,e,0,e,0,di,0,di,0,.,"Because like if there's like 5 skittlesÄ.[couldnêt hear rest of response]Ä"", experimenter repeats: ""Trying to be fair",To be nice,10,0,-2,-3,0,2,-2,2,-2,0,3,3,2,3,-2,-1,2,-1,3,-3,3,0,0,1,3,13
113,ToM,AI,S,BC,6,4,6&7,6.333333333,76,female,7,7,6&7,7.583333333,91,female,CC,yes,yes,yes,yes,green,yes,1,0,0,0,no,.,spontaneously correct,spontaneously correct,spontaneously correct,spontaneously correct,1,e,1,e,1,ai,0,e,1,e,1,ai,0,ai,0,e,1,ai,0,ai,0,e,1,ai,0,.,Because I knew it wasn't fair,.,22,1,2,-2,1,1,-3,2,1,-3,2,2,1,3,2,1,-3,2,3,3,-1,1,1,1,1,34
114,C,DI,NS,BC,7,7,6&7,7.583333333,91,male,8,11,8&9,8.916666667,107,female,CC,yes,yes,yes,yes,green,yes,1,0,1,1,no,.,spontaneously correct,spontaneously correct,.,.,1,di,0,e,1,e,1,e,0,e,1,di,1,e,1,di,0,e,1,di,0,di,0,di,0,.,Because I didn't want it to be unfair,I want her to getÄ I don't know,12,0,4,2,-2,4,3,3,-1,3,3,2,0,1,-3,0,3,3,3,-3,3,3,0,2,-3,44
115,ToM,DI,S,BC,9,1,8&9,9.083333333,109,female,9,1,8&9,9.083333333,109,female,GG,yes,yes,yes,yes,green,yes,1,1,1,0,no,.,spontaneously correct,spontaneously correct,spontaneously correct,spontaneously correct,0,e,1,e,1,e,1,e,1,di,1,e,1,di,1,di,1,di,1,di,1,e,1,di,1,.,.,"Because I usually know that, I've been learning in school that most kids don't really get the oppotunity to eat much candy and I every day eat some candy so I get that thought in my head, so if I've had an opportunity to get candy someone else should",19,1,-2,4,-4,2,0,4,-3,-4,2,2,3,4,-3,1,-2,2,4,4,-3,-3,3,3,-2,20
116,ToM,AI,S,BC,8,1,8&9,8.083333333,97,male,7,8,6&7,7.666666667,92,female,CC,yes,yes,yes,yes,red,yes,1,1,1,0,no,.,spontaneously correct,spontaneously correct,spontaneously correct,spontaneously correct,1,ai,1,ai,0,ai,1,e,0,e,1,e,1,e,1,ai,1,ai,1,e,1,e,1,ai,1,.,because I wanted it to be fair,so she could get a skittle,22,0,4,3,-4,1,3,-1,-4,4,4,4,4,4,-4,4,4,3,3,-4,4,3,3,-1,-4,77
117,C,AI,S,BC,7,11,6&7,7.916666667,95,female,7,7,6&7,7.583333333,91,male,CC,yes,yes,yes,yes,red,yes,1,1,1,1,yes,red,spontaneously correct,spontaneously correct,.,.,1,ai,1,ai,1,e,1,e,1,e,1,ai,0,e,1,e,1,ai,1,ai,1,e,1,ai,0,.,Because I get too much candy,To get some skittles,19,1,4,-3,3,4,-2,4,1,,,,,,,,,,,,,,,,,
118,ToM,DI,S,BC,8,3,8&9,8.25,99,female,9,5,8&9,9.416666667,113,male,LT,yes,yes,yes,yes,red,yes,1,1,1,0,no,.,spontaneously correct,spontaneously correct,spontaneously correct,spontaneously correct,0,di,1,di,0,e,1,e,1,e,0,e,1,e,1,di,1,e,1,di,0,di,1,di,1,.,because it wasn't fair,I don't know (*shrug*),14,0,3,3,-3,2,4,-4,-1,3,3,3,3,4,-3,2,1,2,3,2,3,3,4,-2,2,55
119,C,DI,S,BC,7,11,6&7,7.916666667,95,female,7,7,6&7,7.583333333,91,female,LT,yes,yes,yes,yes,red,yes,1,0,0,1,no,.,spontaneously correct,spontaneously correct,.,.,0,di,0,di,1,e,1,di,1,di,0,di,1,di,1,e,1,e,1,e,1,e,1,e,1,.,no response,no response,16,1,2,-3,1,2,-1,3,3,-3,3,3,1,3,2,2,-3,3,-3,3,-3,-2,2,2,2,55
120,C,AI,S,BC,6,7,6&7,6.583333333,79,male,5,9,below,5.75,69,female,LT,yes,yes,yes,yes,green,yes,1,1,0,0,no,.,spontaneously correct,spontaneously correct,.,.,0,ai,0,ai,1,ai,1,ai,1,ai,1,e,1,e,1,e,1,ai,1,e,1,e,1,e,1,.,Because if I pulled the red handle it will be fair and square,because I like skittles,18,0,0,0,0,-2,0,-4,0,0,4,4,0,4,-4,0,4,-4,4,0,0,0,0,4,0,18
121,C,AI,S,BC,8,2,8&9,8.166666667,98,female,7,11,6&7,7.916666667,95,female,LT,yes,yes,yes,yes,red,yes,0,1,1,0,no,.,spontaneously correct,spontaneously correct,.,.,0,e,1,ai,0,e,1,ai,0,e,1,e,1,ai,0,ai,0,e,1,ai,0,e,1,ai,0,.,Because it wasn't fair because if Lise got one it wouldn't be fair,.,17,1,2,-2,-2,2,-1,1,1,,,,,,,,,,-1,2,-1,1,2,2,2,
122,ToM,DI,S,BC,7,1,6&7,7.083333333,85,female,8,11,8&9,8.916666667,107,male,LT,yes,yes,yes,yes,green,yes,1,1,0,1,no,.,spontaneously correct,spontaneously correct,spontaneously correct,spontaneously correct,0,e,0,e,1,e,1,e,1,di,0,e,1,di,1,di,0,di,1,di,1,e,1,di,1,.,because he has more and I have less,"so I can get one and he can get some, too",14,0,3,2,-4,2,0,-4,-4,1,4,1,3,3,-4,2,1,3,3,-4,4,1,4,1,-4,60
123,C,DI,NS,BC,8,3,8&9,8.25,99,female,8,5,8&9,8.416666667,101,male,LT,yes,yes,yes,no,red,yes,1,0,0,0,no,.,spontaneously correct,spontaneously correct,.,.,0,e,1,e,0,e,1,di,0,di,1,di,1,e,1,di,1,e,0,di,1,e,1,di,1,.,Um one time I only pulled it once because I messed up I meant to put it inÄ[couldn't hear rest of response],Because it doesn't matter if you got less it just matters that you got some,17,1,1,-1,-1,2,-3,2,1,-3,2,2,3,4,3,1,2,2,-2,4,-4,-1,1,1,1,41
124,ToM,AI,S,BC,9,8,8&9,9.666666667,116,male,10,2,over,10.16666667,122,female,LT,yes,yes,yes,yes,red,yes,1,0,1,1,yes,red,spontaneously correct,spontaneously correct,spontaneously correct,spontaneously correct,0,ai,1,e,1,ai,0,ai,1,ai,0,e,1,ai,1,e,1,e,1,ai,0,e,1,e,1,.,I tried to even it out so it would be fair,"Cuz it's even, and I like candy",19,0,2,1,-3,0,2,3,0,1,2,2,3,2,1,1,0,2,2,-3,3,-3,-3,0,-2,21
125,ToM,DI,S,BC,8,5,8&9,8.416666667,101,female,7,7,6&7,7.583333333,91,female,LT,yes,yes,yes,yes,green,yes,1,1,1,0,no,.,spontaneously correct,spontaneously correct,spontaneously correct,spontaneously correct,0,di,0,di,1,e,1,e,1,di,1,e,1,di,0,di,1,e,1,e,1,e,1,di,1,.,because it wasn't going to be fair to me,because I wanted some skittles,18,1,-3,-4,-2,3,-3,4,-4,-3,3,3,4,4,-3,-3,-4,3,2,4,3,3,3,3,3,28
126,ToM,AI,S,BC,6,10,6&7,6.833333333,82,female,6,2,6&7,6.166666667,74,female,LT,yes,yes,yes,yes,red,yes,1,1,1,1,yes,red,spontaneously correct,spontaneously correct,spontaneously correct,spontaneously correct,0,ai,1,ai,1,ai,0,e,1,e,1,e,0,e,1,ai,0,ai,1,e,1,e,0,ai,1,.,"Because I had 4 and I put it in there [motions to her bowl] so I wanted it to be fairÄ[exerimenter asks her to repeat response, says same thing except for]: I don't want always 4",because I don't always want to do it in there (point at middle bowl) and I pull it sometimes,17,0,3,2,-2,2,1,0,-1,1,2,3,2,2,-4,1,1,1,2,-3,3,2,2,-1,-2,43
127,ToM,DI,S,BC,6,10,6&7,6.833333333,82,male,8,4,8&9,8.333333333,100,male,LT,yes,yes,yes,yes,red,yes,1,1,1,1,yes,red,spontaneously correct,spontaneously correct,spontaneously correct,spontaneously correct,0,di,0,di,1,e,1,e,1,e,1,e,1,e,1,di,0,e,1,di,1,di,0,di,0,.,because I really like skittles,because I want to be nice,17,1,2,-2,2,1,-1,3,1,-2,2,1,2,3,1,1,-1,2,0,3,-3,1,2,2,1,37
128,ToM,AI,S,BC,8,9,8&9,8.75,105,female,7,8,6&7,7.666666667,92,female,LT,yes,yes,yes,yes,green,yes,1,0,1,0,no,.,spontaneously correct,spontaneously correct,spontaneously correct,spontaneously correct,0,ai,1,e,1,ai,0,e,1,ai,1,e,1,ai,0,e,1,ai,0,e,1,e,1,ai,1,.,I did that because I know it wouldn't be fair because I have more than her and she only has 1,I did that cuz that means that both of us would get some,19,0,4,2,4,4,1,1,2,1,1,4,2,1,1,4,3,2,3,1,4,1,2,4,1,25
129,C,AI,S,BC,6,2,6&7,6.166666667,74,female,7,1,6&7,7.083333333,85,female,LT,yes,yes,yes,yes,red,yes,1,1,1,1,yes,red,spontaneously correct,spontaneously correct,.,.,0,e,1,ai,1,e,0,ai,1,e,1,e,0,ai,1,ai,1,e,1,ai,1,e,1,ai,1,.,.,because I wanted 4,17,1,2,-2,3,3,0,2,-2,-4,4,4,1,4,3,2,-4,3,-4,3,-4,2,0,2,2,52
130,C,DI,NS,BC,7,4,6&7,7.333333333,88,female,6,6,6&7,6.5,78,male,LT,yes,yes,yes,yes,red,yes,1,0,0,1,no,.,not asked,not asked,not asked,not asked,0,e,1,e,0,e,1,di,0,di,1,di,0,e,1,di,1,e,1,di,0,e,1,di,0,.,,Because it's really just the same thing,16,,,,,,,,,,,,,,,,,,,,,,,,,
131,ToM,AI,S,BC,7,9,6&7,7.75,93,male,9,7,8&9,9.583333333,115,male,LT,yes,yes,yes,yes,red,yes,0,0,0,1,no,.,spontaneously correct,spontaneously correct,spontaneously correct,spontaneously correct,0,ai,0,e,1,ai,0,ai,1,ai,0,e,1,ai,0,e,1,e,1,ai,1,e,1,e,1,.,to make it fair,no response,22,1,-1,2,2,1,-2,2,2,-3,3,3,4,3,1,1,2,2,-2,3,-2,0,-1,-1,2,31
132,ToM,DI,S,BC,6,6,6&7,6.5,78,male,7,8,6&7,7.666666667,92,male,LT,yes,yes,yes,yes,green,yes,1,1,1,0,no,.,"not spontaneously correct - experimenter asked twice, actor responded ""2"" so experimenter asked again and he replies ""1"" (correct)",spontaneously correct,"not spontaneously correct - actor responded ""no"" but experimenter explained further and asked again and then he said ""yes",spontaneously correct,0,di,1,di,0,e,1,e,1,di,0,e,1,di,1,di,0,e,1,e,1,e,1,di,0,.,because a friend,because good,10,0,3,1,3,4,2,-2,1,1,4,3,1,4,-1,1,3,3,2,1,2,2,2,-1,1,36
133,ToM,AI,S,BC,6,2,6&7,6.166666667,74,male,5,0,below,5,60,female,LT,yes,yes,yes,yes,green,yes,1,0,0,1,no,.,spontaneously correct,spontaneously correct,spontaneously correct,spontaneously correct,0,ai,1,e,1,ai,0,e,1,ai,1,e,1,ai,1,e,1,ai,1,e,1,e,1,ai,1,.,because it would make a good decision; because it would be fair,So it would always be equal,14,1,1,-2,3,3,0,4,1,0,2,3,-1,2,3,2,-1,3,-2,2,-3,-2,0,0,2,40
134,ToM,DI,S,BC,8,10,8&9,8.833333333,106,male,8,6,8&9,8.5,102,female,LT,yes,yes,yes,yes,red,yes,1,1,0,0,no,.,spontaneously correct,spontaneously correct,spontaneously correct,spontaneously correct,0,di,0,e,1,e,1,e,1,e,1,e,1,di,0,di,0,e,1,di,0,di,0,di,0,.,"Well I think that everything should always be fair, so if like I had 5 on this side and she had 1 on that side I would pull the red because it should be fair and it should be all the same around",.,20,0,1,0,1,-1,1,0,0,1,1,0,1,1,0,1,-1,-1,1,-1,1,1,1,0,-2,10
135,ToM,DI,NS,BC,6,1,6&7,6.083333333,73,female,5,8,below,5.666666667,68,male,LT,yes,yes,yes,yes,red,yes,1,1,0,0,no,.,spontaneously correct,spontaneously correct,spontaneously correct,spontaneously correct,0,di,0,e,1,e,1,e,1,e,1,e,1,di,0,di,0,e,1,di,0,di,0,di,0,.,so we can tie,.,17,1,4,-3,-2,3,-4,3,1,-4,4,4,3,4,3,2,-3,3,2,4,-4,-3,3,2,4,64
136,C,AI,S,BC,8,0,8&9,8,96,female,8,0,8&9,8,96,male,LT,yes,yes,yes,yes,green,yes,1,0,0,0,no,.,spontaneously correct,spontaneously correct,.,.,0,e,1,ai,0,e,1,ai,1,ai,1,e,1,e,0,ai,0,ai,1,e,1,ai,1,e,1,.,cuz Xuxian didn't get 4 and I got 4 and he's going to be sad,cuz I like to eat these,16,0,4,3,-1,0,1,-1,-1,3,3,4,3,4,1,3,3,3,4,3,4,3,3,-1,2,46
137,C,AI,S,BC,6,11,6&7,6.916666667,83,male,6,10,6&7,6.833333333,82,male,LT,yes,yes,yes,yes,green,yes,1,0,0,1,no,.,spontaneously correct,spontaneously correct,.,.,0,e,1,ai,1,e,1,ai,1,ai,1,e,1,e,0,ai,1,ai,1,e,1,ai,1,e,1,.,.,Because um I didn't want him to get none so if I decided if I get more so I decided if I kept on pullin' on this handle [red] then no one would get any so I decided I was gonna pull on this handle [green],12,1,2,-4,4,4,4,4,-4,-4,4,4,-2,4,4,-1,-4,3,4,4,-2,2,4,4,-2,40
138,C,DI,S,BC,9,2,8&9,9.166666667,110,male,8,1,8&9,8.083333333,97,male,CC,yes,yes,yes,yes,green,yes,1,1,1,0,no,.,spontaneously correct,spontaneously correct,.,.,0,e,1,di,1,di,0,e,1,di,1,di,1,e,1,e,1,di,1,e,1,di,0,e,1,.,I like skittles and so sometimes I have to,because I want to be fair,9,0,4,4,-4,-3,-4,-2,3,4,4,4,4,4,-2,4,4,4,4,4,4,4,-1,-1,-2,48
139,C,DI,S,AP,6,5,6&7,6.416666667,77,female,5,5,below,5.416666667,65,male,CC,yes,yes,yes,yes,green,yes,0,1,1,1,no,.,spontaneously correct,spontaneously correct,.,.,1,e,1,di,1,di,1,e,1,di,1,di,1,e,1,e,1,di,1,e,1,di,1,e,1,.,.,no response,8,1,2,4,4,2,2,4,0,2,4,4,4,4,1,2,-3,4,-4,4,0,-4,4,4,3,53
140,C,AI,S,AP,6,9,6&7,6.75,81,male,5,10,below,5.833333333,70,female,CC,yes,yes,yes,yes,red,yes,1,0,1,0,no,.,spontaneously correct,spontaneously correct,.,.,1,ai,1,ai,1,e,1,ai,1,ai,1,e,1,e,1,e,1,ai,1,ai,1,e,1,e,1,.,.,because I wanted to have more,2,0,4,4,1,4,0,3,2,2,4,4,2,4,0,2,3,3,3,1,4,2,4,2,2,38
141,C,AI,S,AP,9,4,8&9,9.333333333,112,male,7,2,6&7,7.166666667,86,female,CC,yes,yes,yes,yes,red,yes,1,0,1,1,yes,red,spontaneously correct,spontaneously correct,.,.,1,ai,0,ai,0,e,1,ai,0,ai,0,e,1,e,1,e,1,ai,0,ai,0,e,1,e,1,.,becaue it's not fair that I get a bunch and she gets one,.,12,1,4,-4,-2,-1,2,-2,4,-1,2,2,-4,4,-2,2,-4,2,4,4,-4,-4,3,4,3,34
142.1,C,DI,S,AP,8,4,8&9,8.333333333,100,female,7,9,6&7,7.75,93,male,CC,yes,yes,yes,yes,green,yes,1,0,0,0,no,.,spontaneously correct,spontaneously correct,.,.,1,e,1,e,1,e,1,di,0,di,0,e,1,e,1,di,1,di,0,di,1,di,0,e,1,.,it's kind of unfair. Sometimes you have to be fair with your choices,I just want to be fair and I wouldn't be worried about winning,21,0,4,3,-4,4,4,4,-4,4,3,4,4,-1,-4,4,4,4,3,-2,4,1,4,-2,-4,69
142.2,ToM,AI,NS,BC,8,9,8&9,8.75,105,female,9,1,8&9,9.083333333,109,female,CC,yes,yes,yes,yes,green,yes,1,1,1,1,yes,red,spontaneously correct,spontaneously correct,spontaneously correct,spontaneously correct,0,ai,0,ai,0,e,1,e,1,e,1,ai,0,e,0,e,1,ai,1,e,1,ai,0,ai,0,.,because it's not fair for her,"Um, I donêt know, experimenter says there's no right or wrong answer, then actor replies: ""I guess 'cause  I wanted a little more and she could get one more so IÄ[couldn't hear rest of response]""",14,1,4,-3,1,3,-3,3,-4,-4,4,3,4,4,-2,-2,-4,4,-3,3,-3,3,1,3,2,48
143,C,DI,S,BC,7,11,6&7,7.916666667,95,female,5,10,below,5.833333333,70,male,CC,yes,yes,yes,yes,green,yes,1,0,0,1,no,.,spontaneously correct,spontaneously correct,.,.,0,e,1,e,1,e,1,di,0,di,0,e,1,e,1,di,0,di,0,di,0,di,0,e,1,.,I don't know I guess I just wanted to,.,12,1,-4,-2,3,4,2,2,3,0,4,3,-1,4,3,0,-4,2,2,4,0,2,0,3,2,32
144,ToM,DI,NS,BC,8,4,8&9,8.333333333,100,male,8,4,8&9,8.333333333,100,female,CC,yes,yes,yes,yes,red,yes,1,0,0,1,no,.,spontaneously correct,spontaneously correct,.,.,0,di,0,di,0,e,1,di,0,e,1,e,1,di,0,e,1,e,0,e,1,di,0,di,0,.,Because then she'd get 4 and me 1 so basically I didn't want her to get more,.,16,0,4,4,-4,4,-4,3,-4,3,4,4,2,3,-2,2,2,2,3,-1,3,3,2,2,2,45
145,C,AI,S,BC,6,2,6&7,6.166666667,74,male,7,2,6&7,7.166666667,86,male,CC,yes,yes,yes,yes,red,yes,1,0,0,1,no,.,spontaneously correct,spontaneously correct,.,.,0,ai,1,ai,0,e,1,ai,0,ai,1,e,1,e,1,e,1,ai,1,ai,1,e,1,e,1,.,because I have more,no response,15,1,1,2,2,2,2,3,2,2,2,3,3,3,3,1,-1,2,4,2,-4,2,-4,1,0,19
146,ToM,DI,S,BC,6,9,6&7,6.75,81,male,6,3,6&7,6.25,75,female,CC,yes,yes,yes,yes,red,yes,1,0,0,1,no,.,spontaneously correct,"not spontaneously correct - at first said ""2"", then ""3"" then experimenter said 'just on that side of the board' and then recipient said ""1"" (correct)",spontaneously correct,spontaneously correct,0,di,0,di,0,e,0,di,0,e,1,e,1,di,0,e,1,e,1,e,1,di,0,di,0,.,"I dumped the garbage, experimenter: ""Do you know why you did that?, actor: ""I like itÄwhen you put one here [his tray] and none there [recipient's tray] I dumped it too"" (earlier in session actor chanted ""Dump it in the garbage!"" when pulling red handle until experimenter reminded him of no-talking rule) ",.,11,0,1,1,-2,2,-1,-1,2,2,3,3,0,2,-2,1,0,1,0,2,1,0,3,0,2,18
147,C,DI,S,BC,6,11,6&7,6.916666667,83,male,5,10,below,5.833333333,70,female,CC,yes,yes,yes,yes,red,yes,1,0,0,0,no,.,spontaneously correct,spontaneously correct,.,.,0,di,0,di,0,e,1,di,0,di,0,di,0,di,0,e,1,e,1,e,1,e,1,e,1,.,Because it wouldn't be fair and it could be even,.,16,1,2,-1,0,1,1,4,0,0,4,3,4,4,3,1,1,3,0,4,-4,0,2,0,2,40
148,ToM,AI,S,BC,9,5,8&9,9.416666667,113,female,7,0,6&7,7,84,female,LT,yes,yes,yes,yes,green,yes,1,0,1,1,yes,red,spontaneously correct,spontaneously correct,spontaneously correct,spontaneously correct,0,e,1,e,1,ai,0,e,1,e,1,ai,0,ai,0,e,1,ai,0,ai,0,e,1,ai,0,.,cuz I want it to be fair and have the same amount,.,20,0,4,3,-4,2,2,-2,-3,1,1,3,4,4,-4,4,1,2,4,-4,4,3,3,0,-2,64
149,C,DI,S,BC,6,9,6&7,6.75,81,male,6,4,6&7,6.333333333,76,male,LT,yes,yes,yes,yes,green,yes,1,0,0,1,no,.,spontaneously correct,spontaneously correct,.,.,0,di,0,e,1,e,1,e,1,e,1,di,0,e,1,di,0,e,1,di,1,di,1,di,1,.,Because I wanted it to be equally fair,because I want that skittle,11,1,1,-2,1,1,2,2,-2,-2,4,2,-2,2,1,1,-2,3,2,3,1,0,3,2,1,24
150,ToM,AI,S,BC,6,3,6&7,6.25,75,male,5,3,below,5.25,63,male,LT,yes,yes,yes,yes,green,yes,1,0,0,0,no,.,spontaneously correct,spontaneously correct,spontaneously correct,spontaneously correct,0,e,1,e,1,ai,1,e,1,e,1,ai,0,ai,0,e,1,ai,0,ai,0,e,1,ai,0,.,"Because I want to be fair so I only get one because if there's too much candiesÄ[couldnêt' hear last few words of response]"", experimenter asks him to repeat and he says ""I want to be fair so each time we can only get 4 then""",because I want to get it one time,17,0,4,4,-4,4,2,-2,-2,4,4,4,2,4,-2,4,3,3,3,-3,3,-1,1,-1,-2,64
151,C,DI,S,BC,8,3,8&9,8.25,99,male,9,9,8&9,9.75,117,female,LT,yes,yes,yes,yes,green,yes,0,0,1,0,no,.,spontaneously correct,spontaneously correct,.,.,0,di,0,e,0,e,0,e,0,e,1,di,1,e,1,di,1,e,0,di,0,di,1,di,0,.,because I think that it would be a good idea because I might be losing and that feels like a good decision,because I try and guess if she gets one and I don't,18,1,4,-3,3,3,-1,1,2,,,,,,,,,,,,,,,,,
152,C,AI,S,BC,9,9,8&9,9.75,117,male,8,0,8&9,8,96,female,LT,yes,yes,yes,yes,red,yes,1,1,0,0,no,.,spontaneously correct,spontaneously correct,.,.,0,ai,0,ai,0,e,1,e,1,e,1,ai,0,e,1,e,1,ai,0,ai,0,e,1,ai,0,.,because it's not fair,.,24,0,3,0,-4,3,-1,-4,2,1,2,4,3,2,-4,2,2,3,2,-3,4,0,0,3,-4,44
153,C,DI,S,BC,8,10,8&9,8.833333333,106,male,10,2,over,10.16666667,122,male,LT,yes,yes,yes,yes,red,yes,1,0,0,1,no,.,spontaneously correct,spontaneously correct,.,.,0,di,1,di,1,e,1,di,1,di,1,di,1,di,0,e,1,e,1,e,1,e,0,e,1,.,because I only did it once because I can't explain it and I don't know why,because I wanted some skittles,19,1,-4,-4,2,2,-4,3,-4,-4,4,4,3,4,2,3,-4,4,3,3,-4,2,-1,0,0,40
154,ToM,DI,NS,BC,,,8&9,,,,,,,,,,,,,,,,,,,,,,,,,,,,,,,,,,,,,,,,,,,,,,,,,,,,,,,,,,,,,,,,,,,,,,,,,,,,,,,,
155,C,DI,S,BC,7,9,6&7,7.75,93,male,8,3,8&9,8.25,99,female,LT,yes,yes,yes,yes,red,yes,1,0,0,1,no,.,spontaneously correct,spontaneously correct,.,.,0,e,1,e,1,e,0,di,0,di,0,di,0,e,1,di,1,e,1,di,0,e,1,di,0,.,I kinda like to make it even,it's cuz I'm tired of pulling the red one,20,1,-2,-3,4,3,0,4,4,-2,4,4,4,1,1,0,-2,4,3,0,-2,0,-2,2,3,40
156,C,AI,S,BC,9,6,8&9,9.5,114,male,10,1,over,10.08333333,121,female,LT,yes,yes,yes,yes,green,yes,1,1,0,0,no,.,spontaneously correct,spontaneously correct,.,.,0,ai,0,ai,0,ai,0,ai,0,ai,1,e,0,e,1,e,1,ai,1,e,1,e,1,e,1,.,Cause it wouldn't be equal to have more because if I have 4  and she had 1 then she wouldn't get 4Ä[couldn't hear rest of response],because I wanted 4 and I want to have more candy,14,,,,,,,,,,,,,,,,,,,,,,,,,
157,ToM,AI,S,BC,7,8,6&7,7.666666667,92,male,7,6,6&7,7.5,90,female,LT,yes,yes,yes,yes,red,yes,1,1,0,0,no,.,spontaneously correct,spontaneously correct,spontaneously correct,spontaneously correct,0,ai,1,ai,0,ai,0,e,1,e,1,e,1,e,1,ai,1,ai,0,e,1,e,1,ai,1,.,because I want sometimes to be fair,because I like skittles,23,,,,,,,,,,,,,,,,,,,,,,,,,
158,ToM,AI,S,BC,9,9,8&9,9.75,117,male,9,3,8&9,9.25,111,female,LT,yes,yes,yes,yes,red,yes,1,1,1,0,no,.,spontaneously correct,spontaneously correct,spontaneously correct,spontaneously correct,0,ai,0,ai,1,ai,1,e,1,e,0,e,1,e,1,ai,1,ai,0,e,1,e,1,ai,0,.,because it wouldn't be fair that she wouldn't get as much as me,because I like skittles,24,0,3,3,-3,2,-2,4,-2,0,3,3,2,3,0,0,1,0,0,1,3,1,-4,3,1,14
159,ToM,DI,S,BC,6,6,6&7,6.5,78,male,7,0,6&7,7,84,male,CC,yes,yes,yes,yes,green,yes,1,1,0,0,no,.,spontaneously correct,"not spontaneously correct - at first said ""2"", then experimenter said 'just on that side of the board' and then recipient said ""yes""",spontaneously correct,spontaneously correct,0,e,1,e,0,e,1,e,1,di,1,e,1,di,0,di,1,di,1,di,0,e,1,di,1,.,To make it fair that sometimes he would get 4 skittles and sometimes he wouldn't,"""UmÄ[shrug]"", experimenter says there's no right or wrong answer and re-asks question, actor still just shrugs",10,1,0,0,0,0,0,0,0,,,,,,,,,,,,,,,,,
160,ToM,AI,NS,BC,6,6,6&7,6.5,78,male,4,0,below,4,48,female,CC,yes,yes,yes,yes,green,yes,1,1,1,1,yes,red,spontaneously correct,"not spontaneously correct (child silent, experimenter asks once more but then says ""That's ok"" and leaves her alone)",spontaneously correct,not asked,0,ai,0,ai,1,e,1,e,1,e,1,ai,0,e,0,e,1,ai,0,e,1,ai,0,ai,0,.,"""I want it to be fair""","""Just because I just want 4"" ",12,,,,,,,,,,,,,,,,,,,,,,,,,
161,ToM,DI,S,BC,8,5,8&9,8.416666667,101,female,7,5,6&7,7.416666667,89,female,CC,yes,yes,yes,yes,red,yes,1,1,1,1,yes,red,spontaneously correct,spontaneously correct,spontaneously correct,spontaneously correct,0,di,0,di,1,e,1,e,0,e,1,e,0,e,1,di,0,e,1,di,0,di,1,di,1,.,"'Cause sometimes I saw that I should pull this one [red] and sometimes I saw I should pull that handle [green], because, when I pulled this one [red] I knew that it was a little like say I already had the color anyway and sometimes I don't like that color so I pulled this one [red] and sometimes I loved that color so I pulled this one [green]","Well it's just I don't really know why but this one I pulled like to say some skittles fall there [recipient's tray] [points to own tray], I don't really care if I get less or not",14,1,4,-3,0,3,0,3,1,-3,2,2,4,4,-2,0,-3,3,-2,4,-4,-2,1,1,2,49
162,ToM,AI,S,BC,8,2,8&9,8.166666667,98,female,10,2,over,10.16666667,122,female,CC,yes,yes,yes,yes,red,yes,1,0,0,0,no,.,spontaneously correct,spontaneously correct,"not spontaneously correct - at first said ""2"", then experimenter said 'just on that side of the board' and then recipient said ""1""",spontaneously correct,0,ai,1,e,1,ai,1,ai,1,ai,1,e,1,ai,1,e,1,e,1,ai,1,e,1,e,1,.,.,"""Well because I'm actually very nice I don't want to be mean so I like to communicate with the other person to make sure they're ok with it and she said she was ok with it""",16,0,4,4,2,2,3,-2,0,4,3,3,4,3,-4,4,1,3,4,-4,4,3,0,-2,-4,63
163,C,AI,S,BC,8,1,8&9,8.083333333,97,male,8,11,8&9,8.916666667,107,male,CC,yes,yes,yes,yes,red,yes,1,1,0,0,no,.,spontaneously correct,spontaneously correct,.,.,0,e,1,ai,1,e,0,ai,0,e,1,e,1,ai,0,ai,0,e,1,ai,0,e,1,ai,0,.,"""I thought it wasn't really fair for that much skittles for one person to get more skittles than the other""","""Um I just did it once, I thought you would give him [recipient] the 4 skittles too""",22,1,0,4,4,0,4,4,2,4,4,4,4,4,,2,2,3,0,4,4,0,0,4,4,
164,C,DI,S,BC,8,4,8&9,8.333333333,100,male,10,0,over,10,120,female,CC,yes,yes,yes,yes,red,yes,1,0,1,1,yes,red,spontaneously correct,spontaneously correct,.,.,0,e,0,e,1,e,1,di,0,di,1,di,0,e,1,di,0,e,1,di,0,e,1,di,0,.,"""Because I didn't want one or I didn't want her to have 4""","""Because I only wanted 1""",19,0,2,2,-3,3,-1,-1,4,1,2,3,0,1,-2,-1,0,1,1,-1,1,1,0,1,-2,20
165,ToM,AI,S,BC,9,11,8&9,9.916666667,119,male,11,1,over,11.08333333,133,male,CC,yes,yes,yes,yes,green,yes,1,0,1,1,yes,red,spontaneously correct,spontaneously correct,spontaneously correct,spontaneously correct,0,ai,1,e,1,ai,1,e,1,ai,1,e,1,ai,1,e,1,ai,1,e,1,e,1,ai,1,.,.,"""Because seeing 4 skittles on my side looks pretty tempting""",25,1,-2,-3,-3,-2,-2,1,-3,-3,2,3,4,1,1,-2,-3,1,1,2,-4,1,1,1,1,19
166,ToM,DI,NS,BC,8,4,8&9,8.333333333,100,female,7,.,6&7,7.5,84,male,CC,yes,yes,yes,yes,green,yes,1,1,0,0,no,.,spontaneously correct,not spontaneously correct,spontaneously correct,spontaneously correct,0,di,1,di,1,e,1,e,1,di,1,e,1,di,1,di,1,e,1,e,1,e,1,di,1,.,.,becase I only have one doesn't mean she can have 4. I'm okay with someone getting more,16,0,4,4,-3,4,4,-3,-3,4,4,4,2,4,-4,4,3,3,3,0,3,3,3,-1,-3,73
167,ToM,DI,S,BC,9,4,8&9,9.333333333,112,female,10,3,over,10.25,123,female,CC,yes,yes,yes,yes,red,yes,1,1,0,0,no,.,spontaneously correct,spontaneously correct,spontaneously correct,spontaneously correct,0,di,0,e,1,e,1,e,0,e,1,e,0,di,0,di,1,e,0,di,0,di,0,di,0,.,because it wasn't fair because we didn't get same amount,because I was making decisions I wanted to give her some,21,1,4,-4,3,4,-2,4,3,-4,4,4,3,4,3,3,-4,3,-3,4,-3,-2,3,3,3,77
168,C,AI,NS,BC,9,11,8&9,9.916666667,119,male,10,1,over,10.08333333,121,female,CC,yes,yes,yes,yes,green,yes,1,0,1,1,yes,red,spontaneously correct,spontaneously correct,.,.,0,e,1,ai,1,e,1,ai,0,ai,1,e,1,e,1,ai,0,ai,1,e,1,ai,1,e,1,.,because she told me to pull red,Because I was leaving those decisions to her because I had more skittles so it was more fair for her to chooseÄbecause she doesn't get as many if I pull the green,23,0,3,2,2,3,2,-3,0,1,2,4,0,0,1,0,0,2,2,-3,-4,0,0,-2,-3,25
169,ToM,AI,S,BC,6,0,6&7,6,72,male,6,9,6&7,6.75,81,female,CC,yes,yes,yes,yes,green,yes,1,1,0,0,no,.,spontaneously correct,spontaneously correct,spontaneously correct,"before recipient could respond actor shook head ""no"", experimenter explained to him how he could in fact see the candy on recipient's side; recipient then responds spontaneously correctly",0,ai,0,ai,0,e,1,e,1,e,1,ai,0,e,1,e,1,ai,0,e,1,ai,0,ai,0,.,"""'Cause it wasn't fair because she has 1""",.,11,1,-1,2,-1,1,1,4,1,4,4,4,-4,4,2,1,-4,1,4,3,-4,1,1,3,2,21
170,ToM,DI,NS,BC,8,7,8&9,8.583333333,103,female,6,5,6&7,6.416666667,77,female,LT,yes,yes,yes,no,red,yes,0,0,1,1,no,.,spontaneously correct,spontaneously correct,spontaneously correct,spontaneously correct,0,di,1,di,0,e,1,di,1,e,1,e,1,di,0,e,1,e,0,e,1,di,0,di,1,.,I pull it because sometimes I want my partner to get some and sometimes I don't want my partner to get some and so I pull the red handle,I pulled the green handle because it doesn't matter if I got a little bit of skittles it just matters that I get someÄ[couldn't hear rest of response] ,21,0,-4,,-4,-4,-4,-4,-4,,,,,,-4,-4,-4,-4,,,,,,,,
171,ToM,DI,S,BC,9,5,8&9,9.416666667,113,female,9,.,8&9,9.5,108,female,LT,yes,yes,yes,yes,red,yes,0,0,1,1,no,.,spontaneously correct,spontaneously correct,spontaneously correct,spontaneously correct,0,di,1,di,0,e,1,di,1,e,1,e,0,di,1,e,1,e,0,e,1,di,1,di,0,.,because it's kind of not fair,I wanted to be nice,17,1,-1,1,-2,-2,-2,1,3,-1,1,2,2,2,-1,-1,-3,2,4,4,0,1,-2,1,1,10
172,C,DI,S,BC,8,4,8&9,8.333333333,100,male,8,1,8&9,8.083333333,97,female,LT,yes,yes,yes,yes,green,yes,1,1,1,0,no,.,spontaneously correct,spontaneously correct,.,.,0,e,1,di,0,di,0,e,1,di,0,di,0,e,1,e,1,di,0,e,1,di,1,e,1,.,I don't know,I donêt know,17,0,3,2,-4,3,2,-4,3,3,3,4,3,3,-4,4,3,4,3,-4,4,3,3,-3,-4,70
173,C,AI,S,BC,9,11,8&9,9.916666667,119,male,9,2,8&9,9.166666667,110,female,LT,yes,yes,yes,yes,red,yes,1,0,0,1,no,.,spontaneously correct,spontaneously correct,.,.,0,ai,1,ai,1,e,1,ai,1,ai,1,e,1,e,0,e,1,ai,1,ai,1,e,1,e,0,.,.,because we each get skittles,20,1,2,-3,-2,-2,-1,2,-4,-3,4,3,4,4,-4,-4,-3,4,2,4,-4,2,0,2,-3,20
174,C,DI,S,BC,9,9,8&9,9.75,117,male,8,3,8&9,8.25,99,female,LT,yes,yes,yes,yes,green,yes,1,0,0,0,no,.,spontaneously correct,spontaneously correct,.,.,0,e,1,e,1,e,0,di,1,di,0,e,1,e,1,di,1,di,0,di,0,di,1,e,1,.,Because she got more than me,cuz I want to be nice,19,0,4,4,-3,1,3,1,-2,3,3,3,3,3,-1,3,3,3,4,-3,4,3,3,-2,-4,64
175,ToM,AI,S,BC,9,7,8&9,9.583333333,115,male,8,5,8&9,8.416666667,101,female,LT,yes,yes,yes,yes,green,yes,1,1,1,1,yes,red,spontaneously correct,spontaneously correct,spontaneously correct,after prompting got it correct,0,ai,0,ai,1,e,0,e,0,e,1,ai,0,e,1,e,1,ai,0,e,1,ai,0,ai,0,.,because she only gets 1 and I get 4 and that's not right,because it's likeÄI have no idea wat to say,16,1,4,-4,4,2,-4,4,3,4,3,4,1,3,3,0,-4,2,3,4,4,-2,2,1,3,46
176,ToM,AI,S,BC,8,0,8&9,8,96,male,7,9,6&7,7.75,93,female,LT,yes,yes,yes,yes,green,yes,1,0,0,0,no,.,spontaneously correct,spontaneously correct,spontaneously correct,spontaneously correct,0,e,1,e,1,ai,1,e,0,e,1,ai,1,ai,0,e,1,ai,1,ai,0,e,1,ai,1,.,because sometimes I don't think it's fair,because I had a lot of candy,16,0,4,3,4,0,1,4,-4,0,2,4,0,1,-3,2,1,1,1,1,3,3,4,-2,-2,32
177,C,AI,S,BC,9,1,8&9,9.083333333,109,male,7,9,6&7,7.75,93,male,LT,yes,yes,yes,yes,red,yes,0,1,1,1,no,.,spontaneously correct,spontaneously correct,.,.,0,ai,1,ai,0,e,1,e,1,e,1,ai,0,e,1,e,0,ai,1,ai,0,e,1,ai,1,.,"because to me it kinda seems like too much so you put 4 and she only got 1so to me it seems unfair,  so I keptp on pulling this [red handle] and then when sometimesÄ[couldn't hear]ÄI pulled green"" [and after prompting to repeat] it's kind of unfair that he gets 1 and I get 4. so I kept doing 1 and 1","Because it's kind of even and I just wanted a little bit of skittles"", experimenter asks him to repeat end of response and then says ""ÄI didn't want so much skittles",17,1,3,-3,-4,-1,3,3,0,1,1,3,3,3,0,-1,-3,2,-4,3,-4,3,3,3,-3,25
178,C,DI,S,BC,9,3,8&9,9.25,111,female,9,7,8&9,9.583333333,115,female,LT,yes,yes,yes,yes,green,yes,0,0,0,1,no,.,spontaneously correct,spontaneously correct,.,.,0,e,1,e,1,e,1,di,0,di,0,e,1,e,1,di,0,di,0,di,1,di,0,e,1,.,"""Um I thought it wasn't fair""",I thought I would just do it to be nice,16,0,4,2,-3,3,-3,-1,-2,-2,3,4,2,-1,1,2,-2,-1,2,-2,4,0,-1,2,-3,24
179,ToM,AI,S,BC,9,3,8&9,9.25,111,male,9,3,8&9,9.25,111,female,LT,yes,yes,yes,yes,red,yes,0,1,0,1,no,.,spontaneously correct,spontaneously correct,spontaneously correct,spontaneously correct,0,ai,1,ai,1,ai,1,e,0,e,1,e,1,e,1,ai,1,ai,1,e,1,e,1,ai,1,.,.,so then I get more,16,1,2,-3,3,3,-3,4,0,-2,4,4,4,0,3,3,-2,2,-4,0,-2,-2,2,0,2,54
180,C,AI,NS,BC,9,9,8&9,9.75,117,male,10,2,over,10.16666667,122,male,LT,yes,yes,yes,no,green,yes,1,1,0,0,no,.,spontaneously correct,spontaneously correct,.,.,0,ai,0,ai,0,ai,0,ai,0,ai,1,e,1,e,1,e,1,ai,0,e,1,e,1,e,1,"e, 1",because it won't be nice if you have more than the other person,"""I was going to see if I had an equal amoubnt of skittles so I could give some to my sister""",18,1,-3,1,0,3,-2,3,-3,2,4,3,-4,0,2,-1,-4,2,2,3,-2,-1,2,0,2,17